Bairro;Título;Preco;Metros_Quadrados;Classificacao_IDH;IDH_Valor;Renda_Media_Mensal;IDE_Sem_Instrucao;IDE_Fund_Med_Incomp;IDE_Medio_Comp;IDE_Superior_Comp;Classificacao_IBEU;Condicoes_Ambientais_Urbanas;Condicoes_Habitacionais_Urbanas;Preco_m2
henrique jorge;Casa para Venda em Fortaleza, Henrique Jorge, 5 dormitórios, 4 suítes, 5 banheiros, 4 vaga;695000;250;Baixo (0,2501-0,3500);0,340810388;551,52;39,446985766;21,568577343;33,881066162;4,794152973;0,801-0,900 (Alto);0,83456882;0,853452247;2780.0
de lourdes;Casa para Venda em Fortaleza, De Lourdes, 6 dormitórios, 6 suítes, 6 banheiros, 10 vagas;13800000;3000;Alto (0,5001-0,7000);0,641826217;3211,09;28,634744959;12,451002997;30,174467758;27,458816899;0,901-1,000 (Muito alto);0,885440082;0,851718415;4600.0
siqueira;Casa a venda em Fortaleza( Siqueira);180000;125;Muito baixo (0,0000-0,2500);0,148674574;326,8;59,076550103;19,640758155;19,736262122;0,955039671;0,001-0,500 (Muito baixo);0,621429182;0,739200053;1440.0
joaquim tavora;Casa para Venda em Fortaleza, Joaquim Távora, 5 dormitórios, 3 suítes, 4 banheiros, 4 vaga;750000;300;Alto (0,5001-0,7000);0,662519548;1446,03;21,701616731;12,380978974;36,327590540;29,506045291;0,901-1,000 (Muito alto);0,966210918;0,949667769;2500.0
parque presidente vargas;Vendo casa em Fortaleza;130000;400;Muito baixo (0,0000-0,2500);0,135189475;287,92;40,716622931;22,895001134;31,373311303;3,038844073;0,501-0,700 (Baixo);0,763056734;0,855758255;325.0
maraponga;Casa para Venda em Fortaleza, Maraponga, 4 dormitórios, 1 suíte, 3 banheiros, 2 vagas;700000;200;Médio (0,3501-0,5000);0,390382558;916,44;36,505561856;19,918924788;36,715488744;6,044446589;0,701-0,800 (Médio);0,851594864;0,874788715;3500.0
monte castelo;Casa para Venda em Fortaleza, Monte Castelo, 3 dormitórios, 2 banheiros, 4 vagas;750000;150;Médio (0,3501-0,5000);0,434517035;688,29;32,600355036;16,686709042;38,157819390;12,245891313;0,901-1,000 (Muito alto);0,895374394;0,837843346;5000.0
fatima;Casa para Venda em Fortaleza, Fátima, 3 dormitórios, 1 suíte, 2 banheiros, 4 vagas;920000;500;Alto (0,5001-0,7000);0,694795867;1756,11;14,820940358;13,187295372;38,876700307;32,733655112;0,901-1,000 (Muito alto);0,968426708;0,956876508;1840.0
cidade dos funcionarios;Casa para Venda em Fortaleza, Cidade dos Funcionários, 4 dormitórios, 3 suítes, 4 banheiro;800000;128;Alto (0,5001-0,7000);0,571862895;1549,05;36,116420294;18,467084412;29,666368277;14,104952459;0,801-0,900 (Alto);0,782830885;0,853864084;6250.0
parquelandia;Casa para Venda em Fortaleza, Parquelândia, 10 dormitórios, 6 banheiros;780000;600;Alto (0,5001-0,7000);0,62840092;1170,29;28,627673418;13,576457242;38,220279604;18,741450068;0,801-0,900 (Alto);0,846859077;0,935942334;1300.0
bela vista;Casa para Venda em Fortaleza, Bela Vista, 4 dormitórios, 3 suítes, 4 banheiros, 3 vagas;420000;200;Médio (0,3501-0,5000);0,375255922;636,82;37,362884205;19,572460784;34,603721313;6,940960653;0,801-0,900 (Alto);0,894409966;0,835727395;2100.0
bom futuro;Casa para Venda em Fortaleza, Montese, 4 dormitórios, 2 suítes, 4 banheiros, 1 vaga;420000;150;Alto (0,5001-0,7000);0,505352588;789,45;33,310618966;19,083853871;41,476433844;15,767556313;0,901-1,000 (Muito alto);0,891607704;0,894104667;2800.0
bom futuro;Casa para Venda em Fortaleza, Bom Futuro, 4 dormitórios, 1 suíte, 2 banheiros, 2 vagas;450000;180;Alto (0,5001-0,7000);0,505352588;789,45;33,310618966;19,083853871;41,476433844;15,767556313;0,901-1,000 (Muito alto);0,891607704;0,894104667;2500.0
rodolfo teofilo;Casa para Venda em Fortaleza, Rodolfo Teófilo, 3 dormitórios, 3 suítes, 4 banheiros, 2 vag;406000;116;Médio (0,3501-0,5000);0,481883008;818,26;24,779127911;12,897375444;37,580640982;16,112651242;0,901-1,000 (Muito alto);0,876499115;0,916228455;3500.0
quintino cunha;Casa para Venda em Fortaleza, Quintino Cunha, 3 dormitórios, 1 suíte, 3 banheiros, 2 vagas;460000;200;Muito baixo (0,0000-0,2500);0,222536802;427,43;46,404062241;20,007038536;29,167190367;3,697745155;0,701-0,800 (Médio);0,737688349;0,769851144;2300.0
itaoca;Casa para Venda em Fortaleza, Itaoca, 3 dormitórios, 2 suítes, 3 banheiros, 2 vagas;420000;210;Médio (0,3501-0,5000);0,373493056;605,65;34,077998528;20,844738779;31,805739514;11,958793230;0,801-0,900 (Alto);0,850397873;0,898943581;2000.0
monte castelo;Casa para Venda em Fortaleza, Monte Castelo, 2 dormitórios, 1 banheiro, 1 vaga;249900;100;Médio (0,3501-0,5000);0,434517035;688,29;32,600355036;16,686709042;38,157819390;12,245891313;0,901-1,000 (Muito alto);0,895374394;0,837843346;2499.0
parquelandia;Casa para Venda em Fortaleza, Parquelândia, 3 dormitórios, 1 suíte, 2 banheiros, 2 vagas;690000;250;Alto (0,5001-0,7000);0,62840092;1170,29;28,627673418;13,576457242;38,220279604;18,741450068;0,801-0,900 (Alto);0,846859077;0,935942334;2760.0
mondubim;Casa para Venda em Fortaleza, Mondubim, 3 dormitórios, 3 suítes, 4 banheiros, 4 vagas;315000;180;Muito baixo (0,0000-0,2500);0,232790791;500,06;42,399046155;20,863794672;31,702801920;4,576260550;0,701-0,800 (Médio);0,800166323;0,824973502;1750.0
jardim guanabara;Casa para Venda em Fortaleza, Quintino Cunha, 3 dormitórios, 1 suíte, 2 banheiros, 2 vagas;430000;250;Baixo (0,2501-0,3500);0,325108052;508,03;40,911753823;21,190490873;31,845091268;5,250986680;0,701-0,800 (Médio);0,811429133;0,813284402;1720.0
de lourdes;Casa para Venda em Fortaleza, De Lourdes, 4 dormitórios, 3 suítes, 6 banheiros, 8 vagas;1700000;850;Alto (0,5001-0,7000);0,641826217;3211,09;28,634744959;12,451002997;30,174467758;27,458816899;0,901-1,000 (Muito alto);0,885440082;0,851718415;2000.0
siqueira;Casa para Venda em Fortaleza, Siqueira, 2 dormitórios, 1 banheiro, 1 vaga;120000;120;Muito baixo (0,0000-0,2500);0,148674574;326,8;59,076550103;19,640758155;19,736262122;0,955039671;0,001-0,500 (Muito baixo);0,621429182;0,739200053;1000.0
parquelandia;Casa para Venda em Fortaleza, Parquelândia, 3 dormitórios, 1 suíte, 4 banheiros, 2 vagas;750000;240;Alto (0,5001-0,7000);0,62840092;1170,29;28,627673418;13,576457242;38,220279604;18,741450068;0,801-0,900 (Alto);0,846859077;0,935942334;3125.0
fatima;Casa à venda em Fátima, Fortaleza;699000;250;Alto (0,5001-0,7000);0,694795867;1756,11;14,820940358;13,187295372;38,876700307;32,733655112;0,901-1,000 (Muito alto);0,968426708;0,956876508;2796.0
mondubim;Casa à venda - Mondubim - Fortaleza/CE;350000;140;Muito baixo (0,0000-0,2500);0,232790791;500,06;42,399046155;20,863794672;31,702801920;4,576260550;0,701-0,800 (Médio);0,800166323;0,824973502;2500.0
fatima;Casa Padrão para Venda em Fátima Fortaleza-CE;990000;250;Alto (0,5001-0,7000);0,694795867;1756,11;14,820940358;13,187295372;38,876700307;32,733655112;0,901-1,000 (Muito alto);0,968426708;0,956876508;3960.0
montese;Casa à venda no Montese em Fortaleza;720000;160;Médio (0,3501-0,5000);0,472813897;822,59;34,077998528;20,844738779;31,805739514;11,958793230;0,801-0,900 (Alto);0,850397873;0,898943581;4500.0
jose de alencar;Casa em Condomínio para Venda em Fortaleza, José de Alencar, 2 dormitórios, 1 suíte, 2 ban;260000;80;Médio (0,3501-0,5000);0,376978555;1290,87;39,531777539;17,857010351;25,652060995;16,328423552;0,801-0,900 (Alto);0,679578618;0,813346747;3250.0
mondubim;Casa à venda na Maraponga, Fortaleza;1600000;320;Muito baixo (0,0000-0,2500);0,232790791;500,06;42,399046155;20,863794672;31,702801920;4,576260550;0,701-0,800 (Médio);0,800166323;0,824973502;5000.0
guararapes;Venda de Casas / Padrão na cidade de Fortaleza;540000;120;Muito alto (0,800-1,0000);0,767800765;3488,25;46,732432432;19,432432432;26,132432432;7,324324324;0,801-0,900 (Alto);0,852470943;0,920787325;4500.0
cidade dos funcionarios;Venda de Casas / Padrão na cidade de Fortaleza;690000;300;Alto (0,5001-0,7000);0,571862895;1549,05;36,116420294;18,467084412;29,666368277;14,104952459;0,801-0,900 (Alto);0,782830885;0,853864084;2300.0
maraponga;Casa à venda na Maraponga em Fortaleza com 3 quartos, suíte master e preço abaixo do merca;300000;150;Médio (0,3501-0,5000);0,390382558;916,44;36,505561856;19,918924788;36,715488744;6,044446589;0,701-0,800 (Médio);0,851594864;0,874788715;2000.0
parquelandia;Casa a Venda na Parquelândia em Fortaleza/CE;840000;300;Alto (0,5001-0,7000);0,62840092;1170,29;28,627673418;13,576457242;38,220279604;18,741450068;0,801-0,900 (Alto);0,846859077;0,935942334;2800.0
jose de alencar;Casa Duplex / Usada para Venda em Fortaleza, José de Alencar, 3 dormitórios, 1 suíte, 2 ba;600000;160;Médio (0,3501-0,5000);0,376978555;1290,87;39,531777539;17,857010351;25,652060995;16,328423552;0,801-0,900 (Alto);0,679578618;0,813346747;3750.0
jose bonifacio;CASA para vender na cidade de FORTALEZA-CE;940000;500;Alto (0,5001-0,7000);0,643759239;1159,2;14,820940358;13,187295372;38,876700307;32,733655112;0,901-1,000 (Muito alto);0,968426708;0,956876508;1880.0
jangurussu;Casa à venda - Messejana - Fortaleza/CE;435000;116;Muito baixo (0,0000-0,2500);0,172086984;416,9;44,871281532;22,669995525;25,724851026;3,438773347;0,701-0,800 (Médio);0,791911127;0,781121014;3750.0
varjota;Casa à Venda no Varjota, Fortaleza - CE;700000;250;Muito alto (0,800-1,0000);0,717610078;2153,8;28,634744959;12,451002997;30,174467758;27,458816899;0,901-1,000 (Muito alto);0,885440082;0,851718415;2800.0
passare;Casa à venda- Passaré - Fortaleza/CE;900000;200;Muito baixo (0,0000-0,2500);0,224672553;619,47;45,353468304;17,948414015;28,860651463;7,702337490;0,801-0,900 (Alto);0,747949696;0,803322248;4500.0
jardim cearense;Casa à Venda na MARAPONGA, Fortaleza, CE, com 4 Dormitórios, 04 Vagas de garagem, acabamen;2200000;320;Baixo (0,2501-0,3500);0,31815202;717,01;43,389690722;17,363573883;32,401374570;6,496219931;0,801-0,900 (Alto);0,710086364;0,785807154;6875.0
sao bento;Casa à venda na Messejana, Messejana, Fortaleza, CE, 3 Dormitórios, 2 Vagas de Garagem, Es;435000;120;Muito baixo (0,0000-0,2500);0,198287378;434,74;49,469459426;21,989213596;25,691709520;2,842092061;0,701-0,800 (Médio);0,585923687;0,789779326;3625.0
sao bento;Casa à venda em Messejana, MESSEJANA, Fortaleza, CE, casa com 3 quartos, 02 Vagas, Cozinha;460000;125;Muito baixo (0,0000-0,2500);0,198287378;434,74;49,469459426;21,989213596;25,691709520;2,842092061;0,701-0,800 (Médio);0,585923687;0,789779326;3680.0
mondubim;Casa à venda no Mondubim, Fortaleza, CE, 03 quartos, 02 Vagas de Garagem, Ótima Localizaçã;269000;100;Muito baixo (0,0000-0,2500);0,232790791;500,06;42,399046155;20,863794672;31,702801920;4,576260550;0,701-0,800 (Médio);0,800166323;0,824973502;2690.0
jardim cearense;Casa Duplex/Usada para Venda em Fortaleza, Jardim Cearense, 4 dormitórios, 4 suítes, 4 ban;560000;200;Baixo (0,2501-0,3500);0,31815202;717,01;43,389690722;17,363573883;32,401374570;6,496219931;0,801-0,900 (Alto);0,710086364;0,785807154;2800.0
dende;Casa Duplex/Usada para Venda em Fortaleza, Rachel de Queiroz, 2 dormitórios, 2 suítes, 3 b;380000;200;Muito baixo (0,0000-0,2500);0,181127137;633,44;43,389690722;17,363573883;32,401374570;6,496219931;0,801-0,900 (Alto);0,710086364;0,785807154;1900.0
meireles;Casa à Venda no Meireles em Fortaleza/CE;450000;150;Muito alto (0,800-1,0000);0,953077045;3659,54;12,116766906;9,848907144;33,387120434;44,591462520;0,901-1,000 (Muito alto);0,959006828;0,981075459;3000.0
cidade 2000;Casa em Condomínio para Venda em Fortaleza, Cocó, 3 dormitórios, 3 suítes, 4 banheiros, 3;990000;300;Alto (0,5001-0,7000);0,561946901;1017,12;28,155522754;18,385100970;36,512672341;15,938569769;0,901-1,000 (Muito alto);0,886843825;0,860236427;3300.0
mondubim;Casa Para Venda|Mondubim - Fortaleza - Ceará.Ótima Localização, Aceito Propostas;1200000;200;Muito baixo (0,0000-0,2500);0,232790791;500,06;42,399046155;20,863794672;31,702801920;4,576260550;0,701-0,800 (Médio);0,800166323;0,824973502;6000.0
mondubim;Casa Para Venda|Mondubim - Fortaleza - Ceará.Ótima Localização, Aceito Propostas;1200000;200;Muito baixo (0,0000-0,2500);0,232790791;500,06;42,399046155;20,863794672;31,702801920;4,576260550;0,701-0,800 (Médio);0,800166323;0,824973502;6000.0
sao bento;Casa Para Venda | Coaçu - Fortaleza - Ceará. Aceito Propostas.;420000;80;Muito baixo (0,0000-0,2500);0,198287378;434,74;49,469459426;21,989213596;25,691709520;2,842092061;0,701-0,800 (Médio);0,585923687;0,789779326;5250.0
joao xxiii;Casa em Condomínio para Venda em Fortaleza, Henrique Jorge, 3 dormitórios, 1 suíte, 2 banh;400000;100;Baixo (0,2501-0,3500);0,283709367;449,97;39,446985766;21,568577343;33,881066162;4,794152973;0,801-0,900 (Alto);0,83456882;0,853452247;4000.0
montese;Casa à venda, Montese - Fortaleza/CE;1200000;600;Médio (0,3501-0,5000);0,472813897;822,59;34,077998528;20,844738779;31,805739514;11,958793230;0,801-0,900 (Alto);0,850397873;0,898943581;2000.0
parque araxa;Casa à Venda na Parquelândia em Fortaleza/CE;600000;480;Alto (0,5001-0,7000);0,587354605;984,94;28,627673418;13,576457242;38,220279604;18,741450068;0,801-0,900 (Alto);0,846859077;0,935942334;1250.0
parangaba;Casa Residencial à Venda em Parangaba, Fortaleza Financiamento Disponível;330000;165;Médio (0,3501-0,5000);0,418919096;787,91;35,541519026;20,313841143;33,842463191;9,375618989;0,801-0,900 (Alto);0,87948054;0,899379336;2000.0
praia de iracema;Casa com 2 dormitórios à venda, 145 m² por R$ 580.000,00 - Praia de Iracema - Fortaleza/CE;580000;145;Muito alto (0,800-1,0000);0,720062247;1903,17;28,155522754;18,385100970;36,512672341;15,938569769;0,901-1,000 (Muito alto);0,874335556;0,871428206;4000.0
montese;Casa com 4 dormitórios à venda, 250 m² por R$ 495.000,00 - Montese - Fortaleza/CE;495000;250;Médio (0,3501-0,5000);0,472813897;822,59;34,077998528;20,844738779;31,805739514;11,958793230;0,801-0,900 (Alto);0,850397873;0,898943581;1980.0
passare;Casa com 3 dormitórios à venda, 100 m² por R$ 460.000,00 - Passaré - Fortaleza/CE;460000;100;Muito baixo (0,0000-0,2500);0,224672553;619,47;45,353468304;17,948414015;28,860651463;7,702337490;0,801-0,900 (Alto);0,747949696;0,803322248;4600.0
cidade 2000;Casa Duplex à Venda no bairro Cidade 2000 - Fortaleza/CE;700000;250;Alto (0,5001-0,7000);0,561946901;1017,12;28,155522754;18,385100970;36,512672341;15,938569769;0,901-1,000 (Muito alto);0,886843825;0,860236427;2800.0
cajazeiras;Casa com 3 dormitórios à venda, 230 m² por R$ 1.150.000,00 - Cajazeiras - Fortaleza/CE;1150000;230;Baixo (0,2501-0,3500);0,304549738;768,93;40,856694632;18,839096924;31,246163290;8,119045995;0,801-0,900 (Alto);0,762284782;0,785576003;5000.0
farias brito;Casa com 4 dormitórios à venda, 125 m² por R$ 400.000,00 - Centro - Fortaleza/CE;400000;125;Médio (0,3501-0,5000);0,499776808;890,48;32,600355036;16,686709042;38,157819390;12,245891313;0,901-1,000 (Muito alto);0,895374394;0,837843346;3200.0
padre andrade;Casa com 4 dormitórios à venda, 200 m² por R$ 450.000,00 - Padre Andrade - Fortaleza/CE;450000;200;Médio (0,3501-0,5000);0,361176583;622,59;39,125285008;16,641497143;36,244114773;7,464984750;0,801-0,900 (Alto);0,895516195;0,840697664;2250.0
sao bento;Casa para venda com 3 quartos em São Bento - Fortaleza - CE;450000;100;Muito baixo (0,0000-0,2500);0,198287378;434,74;49,469459426;21,989213596;25,691709520;2,842092061;0,701-0,800 (Médio);0,585923687;0,789779326;4500.0
passare;Casa com 3 dormitórios à venda, 80 m² por R$ 480.000 - Passaré - Fortaleza/CE;480000;80;Muito baixo (0,0000-0,2500);0,224672553;619,47;45,353468304;17,948414015;28,860651463;7,702337490;0,801-0,900 (Alto);0,747949696;0,803322248;6000.0
mondubim;Casa com 3 dormitórios à venda, 128 m² por R$ 560.000,00 - Mondubim - Fortaleza/CE;560000;100;Muito baixo (0,0000-0,2500);0,232790791;500,06;42,399046155;20,863794672;31,702801920;4,576260550;0,701-0,800 (Médio);0,800166323;0,824973502;5600.0
floresta;Vendo Casa em Álvaro Weyne - Fortaleza;450000;300;Muito baixo (0,0000-0,2500);0,223828806;380,81;46,790425677;22,453420373;26,238723424;3,535971712;0,801-0,900 (Alto);0,901213291;0,7745815;1500.0
jardim cearense;Casa Duplex para venda com 3 quartos em Maraponga - Fortaleza - CE;530000;125;Baixo (0,2501-0,3500);0,31815202;717,01;43,389690722;17,363573883;32,401374570;6,496219931;0,801-0,900 (Alto);0,710086364;0,785807154;4240.0
mondubim;Casa multifamiliar para investimento à venda - Mondubim - Fortaleza/CE;350000;100;Muito baixo (0,0000-0,2500);0,232790791;500,06;42,399046155;20,863794672;31,702801920;4,576260550;0,701-0,800 (Médio);0,800166323;0,824973502;3500.0
jangurussu;Casa duplex em condominio para venda - Jangurussu - Fortaleza - CE;279000;60;Muito baixo (0,0000-0,2500);0,172086984;416,9;44,871281532;22,669995525;25,724851026;3,438773347;0,701-0,800 (Médio);0,791911127;0,781121014;4650.0
curio;Casa com 4 dormitórios à venda, 105 m² por R$ 399.000,00 - Lagoa Redonda - Fortaleza/CE;399000;105;Muito baixo (0,0000-0,2500);0,188162399;488,71;39,531777539;17,857010351;25,652060995;16,328423552;0,801-0,900 (Alto);0,679578618;0,813346747;3800.0
passare;Casa com 3 dormitórios à venda, 180 m² por R$ 360.000 - Passaré - Fortaleza/CE;360000;180;Muito baixo (0,0000-0,2500);0,224672553;619,47;45,353468304;17,948414015;28,860651463;7,702337490;0,801-0,900 (Alto);0,747949696;0,803322248;2000.0
passare;Casa Plana para venda possui 100 m2 com 3 quartos em Passaré - Fortaleza - CE;460000;100;Muito baixo (0,0000-0,2500);0,224672553;619,47;45,353468304;17,948414015;28,860651463;7,702337490;0,801-0,900 (Alto);0,747949696;0,803322248;4600.0
jose de alencar;Casa com 3 dormitórios à venda, 105 m² por R$ 399.000,00 - José de Alencar - Fortaleza/CE;399000;105;Médio (0,3501-0,5000);0,376978555;1290,87;39,531777539;17,857010351;25,652060995;16,328423552;0,801-0,900 (Alto);0,679578618;0,813346747;3800.0
padre andrade;Casa com 4 dormitórios à venda, 250 m² por R$ 650.000 - Padre Andrade - Fortaleza/CE;650000;250;Médio (0,3501-0,5000);0,361176583;622,59;39,125285008;16,641497143;36,244114773;7,464984750;0,801-0,900 (Alto);0,895516195;0,840697664;2600.0
dende;Casa com 2 dormitórios à venda, 100 m² por R$ 310.000,00 - Itaperi - Fortaleza/CE;310000;100;Muito baixo (0,0000-0,2500);0,181127137;633,44;43,389690722;17,363573883;32,401374570;6,496219931;0,801-0,900 (Alto);0,710086364;0,785807154;3100.0
parque manibura;Casa com 4 dormitórios à venda, 200 m² por R$ 880.000,00 - Parque Manibura - Fortaleza/CE;880000;200;Alto (0,5001-0,7000);0,578017912;1591,49;46,732432432;19,432432432;26,132432432;7,324324324;0,801-0,900 (Alto);0,852470943;0,920787325;4400.0
itaperi;Casa com 2 dormitórios à venda, 75 m² por R$ 270.000,00 - Jardim Cearense - Fortaleza/CE;270000;75;Médio (0,3501-0,5000);0,368393967;798,25;40,134991280;17,956558175;32,352608095;8,393920862;0,801-0,900 (Alto);0,813293696;0,842930831;3600.0
jardim cearense;Casa com 2 dormitórios à venda, 80 m² por R$ 220.000,00 - Jardim Cearense - Fortaleza/CE;220000;80;Baixo (0,2501-0,3500);0,31815202;717,01;43,389690722;17,363573883;32,401374570;6,496219931;0,801-0,900 (Alto);0,710086364;0,785807154;2750.0
coacu;Casa plana com 03 quartos sendo 02 suítes à venda em Fortaleza.;390000;100;Baixo (0,2501-0,3500);0,255321217;562,66;46,732432432;19,432432432;26,132432432;7,324324324;0,701-0,800 (Médio);0,812300179;0,791664593;3900.0
jangurussu;Casa com 3 dormitórios à venda, 330 m² por R$ 990.000,00 - Jangurussu - Fortaleza/CE;990000;330;Muito baixo (0,0000-0,2500);0,172086984;416,9;44,871281532;22,669995525;25,724851026;3,438773347;0,701-0,800 (Médio);0,791911127;0,781121014;3000.0
messejana;Casa com 3 dormitórios à venda, 180 m² por R$ 450.000,00 - Messejana - Fortaleza/CE;450000;180;Médio (0,3501-0,5000);0,375702403;648,89;35,379485638;19,656180819;34,808275711;8,975375113;0,901-1,000 (Muito alto);0,814567697;0,87099405;2500.0
messejana;Casa com 3 dormitórios à venda, 200 m² por R$ 320.000,00 - Messejana - Fortaleza/CE;320000;200;Médio (0,3501-0,5000);0,375702403;648,89;35,379485638;19,656180819;34,808275711;8,975375113;0,901-1,000 (Muito alto);0,814567697;0,87099405;1600.0
itaperi;Casa com 3 dormitórios à venda, 125 m² - Parangaba - Fortaleza/CE;750000;125;Médio (0,3501-0,5000);0,368393967;798,25;40,134991280;17,956558175;32,352608095;8,393920862;0,801-0,900 (Alto);0,813293696;0,842930831;6000.0
cambeba;Casa com 3 dormitórios à venda, 100 m² por R$ 460.000 - Cambeba - Fortaleza/CE;460000;100;Alto (0,5001-0,7000);0,517592175;1628,07;39,531777539;17,857010351;25,652060995;16,328423552;0,801-0,900 (Alto);0,679578618;0,813346747;4600.0
maraponga;Casa com 3 dormitórios à venda, 130 m² por R$ 550.000,00 - Maraponga - Fortaleza/CE;550000;100;Médio (0,3501-0,5000);0,390382558;916,44;36,505561856;19,918924788;36,715488744;6,044446589;0,701-0,800 (Médio);0,851594864;0,874788715;5500.0
edson queiroz;Casa com 4 dormitórios à venda por R$ 780.000 - Edson Queiroz - Fortaleza/CE;780000;200;Médio (0,3501-0,5000);0,350300888;919,55;36,129502261;18,401148465;33,241199032;12,076021512;0,801-0,900 (Alto);0,764487418;0,724787651;3900.0
edson queiroz;Casa com 4 dormitórios à venda por R$ 780.000,00 - Edson Queiroz - Fortaleza/CE;780000;200;Médio (0,3501-0,5000);0,350300888;919,55;36,129502261;18,401148465;33,241199032;12,076021512;0,801-0,900 (Alto);0,764487418;0,724787651;3900.0
parangaba;Casa à venda, 200 m² por R$ 1.100.000 - Parangaba - Fortaleza/CE;1100000;200;Médio (0,3501-0,5000);0,418919096;787,91;35,541519026;20,313841143;33,842463191;9,375618989;0,801-0,900 (Alto);0,87948054;0,899379336;5500.0
lagoa redonda;Casa com 3 dormitórios à venda por R$ 330.000 - Lagoa Redonda - Fortaleza/CE;330000;110;Baixo (0,2501-0,3500);0,252678506;544,16;46,732432432;19,432432432;26,132432432;7,324324324;0,701-0,800 (Médio);0,812300179;0,791664593;3000.0
parangaba;Vendo Casa em Maraponga, com PREÇO BAIXO - Fortaleza;330000;100;Médio (0,3501-0,5000);0,418919096;787,91;35,541519026;20,313841143;33,842463191;9,375618989;0,801-0,900 (Alto);0,87948054;0,899379336;3300.0
lagoa redonda;Casa com 5 dormitórios à venda, 400 m² por R$ 2.950.000,00 - Alphaville Fortaleza - Fortal;2950000;400;Baixo (0,2501-0,3500);0,252678506;544,16;46,732432432;19,432432432;26,132432432;7,324324324;0,701-0,800 (Médio);0,812300179;0,791664593;7375.0
sao bento;Casa à venda por R$ 390.000,00 - São Bento - Fortaleza/CE;390000;200;Muito baixo (0,0000-0,2500);0,198287378;434,74;49,469459426;21,989213596;25,691709520;2,842092061;0,701-0,800 (Médio);0,585923687;0,789779326;1950.0
parque manibura;Casa com 4 dormitórios à venda, 250 m² por R$ 650.000,00 - Parque Manibura - Fortaleza/CE;650000;250;Alto (0,5001-0,7000);0,578017912;1591,49;46,732432432;19,432432432;26,132432432;7,324324324;0,801-0,900 (Alto);0,852470943;0,920787325;2600.0
parque manibura;Casa com 3 dormitórios à venda, 200 m² por R$ 945.000,00 - Parque Manibura - Fortaleza/CE;945000;200;Alto (0,5001-0,7000);0,578017912;1591,49;46,732432432;19,432432432;26,132432432;7,324324324;0,801-0,900 (Alto);0,852470943;0,920787325;4725.0
edson queiroz;Casa com 3 dormitórios à venda, 125 m² por R$ 619.000,00 - Edson Queiroz - Fortaleza/CE;619000;125;Médio (0,3501-0,5000);0,350300888;919,55;36,129502261;18,401148465;33,241199032;12,076021512;0,801-0,900 (Alto);0,764487418;0,724787651;4952.0
sabiaguaba;Casa com 2 dormitórios à venda por R$ 310.000,00 - Sabiaguaba - Fortaleza/CE;310000;100;Baixo (0,2501-0,3500);0,267301809;549,83;46,732432432;19,432432432;26,132432432;7,324324324;0,701-0,800 (Médio);0,812300179;0,791664593;3100.0
jardim cearense;Casa com 4 dormitórios à venda, 170 m² por R$ 850.000,00 - Jardim Cearense - Fortaleza/CE;850000;170;Baixo (0,2501-0,3500);0,31815202;717,01;43,389690722;17,363573883;32,401374570;6,496219931;0,801-0,900 (Alto);0,710086364;0,785807154;5000.0
mondubim;Casa com 3 dormitórios à venda, 125 m² por R$ 297.000,00 - Maraponga - Fortaleza/CE;297000;125;Muito baixo (0,0000-0,2500);0,232790791;500,06;42,399046155;20,863794672;31,702801920;4,576260550;0,701-0,800 (Médio);0,800166323;0,824973502;2376.0
parangaba;Casa com 3 dormitórios à venda, 125 m² por R$ 480.000,00 - Maraponga - Fortaleza/CE;480000;125;Médio (0,3501-0,5000);0,418919096;787,91;35,541519026;20,313841143;33,842463191;9,375618989;0,801-0,900 (Alto);0,87948054;0,899379336;3840.0
parque santa maria;Casa com 2 dormitórios à venda, 70 m² por R$ 280.000,00 - Messejana - Fortaleza/CE;280000;70;Muito baixo (0,0000-0,2500);0,214317824;0;49,469459426;21,989213596;25,691709520;2,842092061;0,701-0,800 (Médio);0,585923687;0,789779326;4000.0
lagoa redonda;Casa com 2 dormitórios à venda por R$ 285.000,00 - Lagoa Redonda - Fortaleza/CE;285000;60;Baixo (0,2501-0,3500);0,252678506;544,16;46,732432432;19,432432432;26,132432432;7,324324324;0,701-0,800 (Médio);0,812300179;0,791664593;4750.0
parque santa maria;Casa com 2 dormitórios à venda, 70 m² por R$ 280.000,00 - Messejana - Fortaleza/CE;280000;70;Muito baixo (0,0000-0,2500);0,214317824;0;49,469459426;21,989213596;25,691709520;2,842092061;0,701-0,800 (Médio);0,585923687;0,789779326;4000.0
parque santa maria;Casa com 2 dormitórios à venda, 70 m² por R$ 280.000,00 - Messejana - Fortaleza/CE;280000;70;Muito baixo (0,0000-0,2500);0,214317824;0;49,469459426;21,989213596;25,691709520;2,842092061;0,701-0,800 (Médio);0,585923687;0,789779326;4000.0
passare;Casa com 3 dormitórios à venda, 120 m² por R$ 450.000,00 - Passaré - Fortaleza/CE;450000;120;Muito baixo (0,0000-0,2500);0,224672553;619,47;45,353468304;17,948414015;28,860651463;7,702337490;0,801-0,900 (Alto);0,747949696;0,803322248;3750.0
sao bento;Casa com 3 dormitórios à venda, 120 m² por R$ 420.000,00 - São Bento - Fortaleza/CE;420000;120;Muito baixo (0,0000-0,2500);0,198287378;434,74;49,469459426;21,989213596;25,691709520;2,842092061;0,701-0,800 (Médio);0,585923687;0,789779326;3500.0
jangurussu;Casa com 3 dormitórios à venda, 100 m² por R$ 300.000,00 - Jangurussu - Fortaleza/CE;300000;100;Muito baixo (0,0000-0,2500);0,172086984;416,9;44,871281532;22,669995525;25,724851026;3,438773347;0,701-0,800 (Médio);0,791911127;0,781121014;3000.0
jangurussu;Casa com 2 dormitórios à venda, 75 m² por R$ 270.000,00 - Jangurussu - Fortaleza/CE;270000;75;Muito baixo (0,0000-0,2500);0,172086984;416,9;44,871281532;22,669995525;25,724851026;3,438773347;0,701-0,800 (Médio);0,791911127;0,781121014;3600.0
itaperi;Casa com 3 dormitórios à venda, 60 m² por R$ 255.000,00 - Itaperi - Fortaleza/CE;255000;60;Médio (0,3501-0,5000);0,368393967;798,25;40,134991280;17,956558175;32,352608095;8,393920862;0,801-0,900 (Alto);0,813293696;0,842930831;4250.0
passare;Casa Duplex para Venda em Passaré Fortaleza-CE;600000;125;Muito baixo (0,0000-0,2500);0,224672553;619,47;45,353468304;17,948414015;28,860651463;7,702337490;0,801-0,900 (Alto);0,747949696;0,803322248;4800.0
jangurussu;Casa com 3 dormitórios à venda, 116 m² por R$ 435.000,00 - Jangurussu - Fortaleza/CE;435000;116;Muito baixo (0,0000-0,2500);0,172086984;416,9;44,871281532;22,669995525;25,724851026;3,438773347;0,701-0,800 (Médio);0,791911127;0,781121014;3750.0
conjunto ceara ii;Casa com 8 dormitórios à venda, 500 m² por R$ 550.000,00 - Conjunto Ceará - Fortaleza/CE;550000;500;Médio (0,3501-0,5000);0,361724536;589,31;48,279658171;17,768780087;29,775721163;3,692577527;0,501-0,700 (Baixo);0,810477991;0,813561102;1100.0
cambeba;Casa com 3 dormitórios à venda, 100 m² por R$ 330.000,00 - Cambeba - Fortaleza/CE;330000;100;Alto (0,5001-0,7000);0,517592175;1628,07;39,531777539;17,857010351;25,652060995;16,328423552;0,801-0,900 (Alto);0,679578618;0,813346747;3300.0
pedras;Casa com 3 dormitórios à venda, 100 m² por R$ 250.000,00 - Pedras - Fortaleza/CE;250000;100;Baixo (0,2501-0,3500);0,263773032;425,73;49,469459426;21,989213596;25,691709520;2,842092061;0,701-0,800 (Médio);0,585923687;0,789779326;2500.0
parangaba;Casa à venda, 200 m² por R$ 780.000,00 - Parangaba - Fortaleza/CE;780000;200;Médio (0,3501-0,5000);0,418919096;787,91;35,541519026;20,313841143;33,842463191;9,375618989;0,801-0,900 (Alto);0,87948054;0,899379336;3900.0
lagoa redonda;Casa Duplex para Venda em Lagoa Redonda Fortaleza-CE;450000;150;Baixo (0,2501-0,3500);0,252678506;544,16;46,732432432;19,432432432;26,132432432;7,324324324;0,701-0,800 (Médio);0,812300179;0,791664593;3000.0
mondubim;Casa com 4 quartos à venda, 200 m² por R$ 550.000 - Maraponga - Fortaleza/CE;550000;200;Muito baixo (0,0000-0,2500);0,232790791;500,06;42,399046155;20,863794672;31,702801920;4,576260550;0,701-0,800 (Médio);0,800166323;0,824973502;2750.0
padre andrade;Casa à Venda no Padre Andrade Fortaleza/CE Conforto, Espaço e Localização Privilegiada!;650000;250;Médio (0,3501-0,5000);0,361176583;622,59;39,125285008;16,641497143;36,244114773;7,464984750;0,801-0,900 (Alto);0,895516195;0,840697664;2600.0
serrinha;Casa com 3 dormitórios à venda, 200 m² por R$ 800.000,00 - Serrinha - Fortaleza/CE;800000;200;Baixo (0,2501-0,3500);0,282916147;519,27;40,134991280;17,956558175;32,352608095;8,393920862;0,801-0,900 (Alto);0,813293696;0,842930831;4000.0
mondubim;Casa com 4 dormitórios à venda, 200 m² por R$ 550.000,00- Maraponga - Fortaleza;550000;200;Muito baixo (0,0000-0,2500);0,232790791;500,06;42,399046155;20,863794672;31,702801920;4,576260550;0,701-0,800 (Médio);0,800166323;0,824973502;2750.0
lagoa redonda;Casa com 3 dormitórios à venda, 110 m² por R$ 429.000,00 - Lagoa Redonda - Fortaleza/CE;429000;110;Baixo (0,2501-0,3500);0,252678506;544,16;46,732432432;19,432432432;26,132432432;7,324324324;0,701-0,800 (Médio);0,812300179;0,791664593;3900.0
benfica;Casa com 3 dormitórios à venda, 200 m² por R$ 550.000,00 - Benfica - Fortaleza/CE;550000;200;Alto (0,5001-0,7000);0,628455191;1246,4;24,779127911;12,897375444;37,580640982;16,112651242;0,901-1,000 (Muito alto);0,876499115;0,916228455;2750.0
mondubim;Casa com 3 dormitórios à venda, 200 m² por R$ 1.200.000,00 - Maraponga - Fortaleza/CE;1200000;200;Muito baixo (0,0000-0,2500);0,232790791;500,06;42,399046155;20,863794672;31,702801920;4,576260550;0,701-0,800 (Médio);0,800166323;0,824973502;6000.0
parque dois irmaos;Casa com 2 dormitórios à venda, 100 m² - Parque Dois Irmãos - Fortaleza/CE;360000;100;Baixo (0,2501-0,3500);0,251057366;557,84;43,389690722;17,363573883;32,401374570;6,496219931;0,801-0,900 (Alto);0,710086364;0,785807154;3600.0
sao bento;Casa Para Vender com 3 quartos 3 suítes no Loteamente Cidade Verde em Fortaleza;600000;120;Muito baixo (0,0000-0,2500);0,198287378;434,74;49,469459426;21,989213596;25,691709520;2,842092061;0,701-0,800 (Médio);0,585923687;0,789779326;5000.0
jose de alencar;Casa com 4 dormitórios à venda, 125 m² por R$ 750.000 - José de Alencar - Fortaleza/CE;750000;125;Médio (0,3501-0,5000);0,376978555;1290,87;39,531777539;17,857010351;25,652060995;16,328423552;0,801-0,900 (Alto);0,679578618;0,813346747;6000.0
vila velha;Casa à venda, Vila Velha, Fortaleza, CE;480000;300;Baixo (0,2501-0,3500);0,271651977;486,95;40,911753823;21,190490873;31,845091268;5,250986680;0,701-0,800 (Médio);0,811429133;0,813284402;1600.0
dende;Casa com 2 dormitórios à venda, 80 m² por R$ 180.000,00 - Serrinha - Fortaleza/CE;180000;80;Muito baixo (0,0000-0,2500);0,181127137;633,44;43,389690722;17,363573883;32,401374570;6,496219931;0,801-0,900 (Alto);0,710086364;0,785807154;2250.0
henrique jorge;Casa com 3 dormitórios à venda, 100 m² por R$ 750.000,00 - Henrique Jorge - Fortaleza/CE;750000;100;Baixo (0,2501-0,3500);0,340810388;551,52;39,446985766;21,568577343;33,881066162;4,794152973;0,801-0,900 (Alto);0,83456882;0,853452247;7500.0
cajazeiras;Casa com 3 dormitórios à venda, 230 m² por R$ 1.150.000,00 - Cajazeiras - Fortaleza/CE;1150000;230;Baixo (0,2501-0,3500);0,304549738;768,93;40,856694632;18,839096924;31,246163290;8,119045995;0,801-0,900 (Alto);0,762284782;0,785576003;5000.0
centro;Casa com 4 dormitórios à venda, 200 m² por R$ 550.000 - Centro - Fortaleza/CE;550000;200;Alto (0,5001-0,7000);0,556689243;1062,93;28,155522754;18,385100970;36,512672341;15,938569769;0,901-1,000 (Muito alto);0,874335556;0,871428206;2750.0
mondubim;Casa com 2 dormitórios à venda, 100 m² por R$ 280.000,00 - Mondubim - Fortaleza/CE;280000;100;Muito baixo (0,0000-0,2500);0,232790791;500,06;42,399046155;20,863794672;31,702801920;4,576260550;0,701-0,800 (Médio);0,800166323;0,824973502;2800.0
dende;Casa à venda, 120 m² por R$ 315.000,00 - Dendê - Fortaleza/CE;315000;120;Muito baixo (0,0000-0,2500);0,181127137;633,44;43,389690722;17,363573883;32,401374570;6,496219931;0,801-0,900 (Alto);0,710086364;0,785807154;2625.0
edson queiroz;Casa à venda, 640 m² por R$ 2.000.000,00 - Edson Queiroz - Fortaleza/CE;2000000;640;Médio (0,3501-0,5000);0,350300888;919,55;36,129502261;18,401148465;33,241199032;12,076021512;0,801-0,900 (Alto);0,764487418;0,724787651;3125.0
jose de alencar;Casa com 3 dormitórios à venda, 200 m² por R$ 900.000,00 - José de Alencar - Fortaleza/CE;900000;200;Médio (0,3501-0,5000);0,376978555;1290,87;39,531777539;17,857010351;25,652060995;16,328423552;0,801-0,900 (Alto);0,679578618;0,813346747;4500.0
fatima;Casa com 3 dormitórios à venda, 250 m² por R$ 900.000,00 - Fátima - Fortaleza/CE;900000;250;Alto (0,5001-0,7000);0,694795867;1756,11;14,820940358;13,187295372;38,876700307;32,733655112;0,901-1,000 (Muito alto);0,968426708;0,956876508;3600.0
papicu;Casa residencial à venda, Papicu, Fortaleza.;900000;300;Alto (0,5001-0,7000);0,529635268;1476,65;28,634744959;12,451002997;30,174467758;27,458816899;0,901-1,000 (Muito alto);0,885440082;0,851718415;3000.0
messejana;Casa Duplex à Venda Messejana - Fortaleza - CE;1200000;320;Médio (0,3501-0,5000);0,375702403;648,89;35,379485638;19,656180819;34,808275711;8,975375113;0,901-1,000 (Muito alto);0,814567697;0,87099405;3750.0
passare;Casa com 2 dormitórios à venda, 149 m² por R$ 480.000,00 - Passaré - Fortaleza/CE;480000;150;Muito baixo (0,0000-0,2500);0,224672553;619,47;45,353468304;17,948414015;28,860651463;7,702337490;0,801-0,900 (Alto);0,747949696;0,803322248;3200.0
curio;Casa com 4 dormitórios à venda por R$ 1.000.000,00 - Lagoa Redonda - Fortaleza/CE;1000000;160;Muito baixo (0,0000-0,2500);0,188162399;488,71;39,531777539;17,857010351;25,652060995;16,328423552;0,801-0,900 (Alto);0,679578618;0,813346747;6250.0
de lourdes;Casa à venda, 1600 m² por R$ 12.000.000,00 - Dunas - Fortaleza/CE;12000000;1600;Alto (0,5001-0,7000);0,641826217;3211,09;28,634744959;12,451002997;30,174467758;27,458816899;0,901-1,000 (Muito alto);0,885440082;0,851718415;7500.0
itaperi;Casa com 1 dormitório à venda, 60 m² por R$ 75.000,00 - Itaperi - Fortaleza/CE;75000;60;Médio (0,3501-0,5000);0,368393967;798,25;40,134991280;17,956558175;32,352608095;8,393920862;0,801-0,900 (Alto);0,813293696;0,842930831;1250.0
parque manibura;Casa com 4 dormitórios à venda, 400 m² por R$ 1.300.000,00 - Parque Manibura - Fortaleza/C;1300000;400;Alto (0,5001-0,7000);0,578017912;1591,49;46,732432432;19,432432432;26,132432432;7,324324324;0,801-0,900 (Alto);0,852470943;0,920787325;3250.0
vila uniao;Casa com 4 dormitórios à venda, 500 m² por R$ 1.100.000,00 - Vila União - Fortaleza/CE;1100000;500;Médio (0,3501-0,5000);0,467078586;908,56;43,512170577;18,812503931;28,662180011;8,236367067;0,801-0,900 (Alto);0,861434761;0,818736264;2200.0
mondubim;Casa com 2 dormitórios à venda, 100 m² por R$ 320.000,00 - Mondubim - Fortaleza/CE;320000;100;Muito baixo (0,0000-0,2500);0,232790791;500,06;42,399046155;20,863794672;31,702801920;4,576260550;0,701-0,800 (Médio);0,800166323;0,824973502;3200.0
montese;Casa à venda na Vila União, Fortaleza;700000;400;Médio (0,3501-0,5000);0,472813897;822,59;34,077998528;20,844738779;31,805739514;11,958793230;0,801-0,900 (Alto);0,850397873;0,898943581;1750.0
granja lisboa;Casa com 2 dormitórios à venda, 80 m² por R$ 280.000,00 - Granja Lisboa - Fortaleza/CE;280000;80;Muito baixo (0,0000-0,2500);0,169986701;341,36;55,395532806;21,810144253;20,404839460;1,696137738;0,501-0,700 (Baixo);0,684875178;0,787899582;3500.0
messejana;Casa à venda, 250 m² por R$ 600.000,00 - Messejana - Fortaleza/CE;600000;250;Médio (0,3501-0,5000);0,375702403;648,89;35,379485638;19,656180819;34,808275711;8,975375113;0,901-1,000 (Muito alto);0,814567697;0,87099405;2400.0
cidade dos funcionarios;Casa à venda, 250 m² por R$ 830.000,00 - Cidade dos Funcionários - Fortaleza/CE;830000;250;Alto (0,5001-0,7000);0,571862895;1549,05;36,116420294;18,467084412;29,666368277;14,104952459;0,801-0,900 (Alto);0,782830885;0,853864084;3320.0
guajeru;Casa com 3 dormitórios à venda, 120 m² por R$ 390.000,03 - Messejana - Fortaleza/CE;390000;120;Baixo (0,2501-0,3500);0,288810144;612,34;46,732432432;19,432432432;26,132432432;7,324324324;0,701-0,800 (Médio);0,812300179;0,791664593;3250.0
centro;Casa com 2 dormitórios à venda, 80 m² por R$ 280.000,00 - Centro - Fortaleza/CE;280000;80;Alto (0,5001-0,7000);0,556689243;1062,93;28,155522754;18,385100970;36,512672341;15,938569769;0,901-1,000 (Muito alto);0,874335556;0,871428206;3500.0
vila uniao;Casa à venda, 280 m² por R$ 560.000,00 - Montese - Fortaleza/CE;560000;280;Médio (0,3501-0,5000);0,467078586;908,56;43,512170577;18,812503931;28,662180011;8,236367067;0,801-0,900 (Alto);0,861434761;0,818736264;2000.0
montese;Casa com 10 dormitórios à venda, 300 m² por R$ 1.200.000,00 - Montese - Fortaleza/CE;1200000;300;Médio (0,3501-0,5000);0,472813897;822,59;34,077998528;20,844738779;31,805739514;11,958793230;0,801-0,900 (Alto);0,850397873;0,898943581;4000.0
bom futuro;Casa residencial à venda, Bom Futuro, Fortaleza.;600000;150;Alto (0,5001-0,7000);0,505352588;789,45;33,310618966;19,083853871;41,476433844;15,767556313;0,901-1,000 (Muito alto);0,891607704;0,894104667;4000.0
aldeota;Casa com 6 dormitórios à venda, 400 m² por R$ 1.100.000,00 - Aldeota - Fortaleza/CE;1100000;400;Muito alto (0,800-1,0000);0,866564809;2901,57;14,701582498;10,349072815;32,870809716;41,403985740;0,901-1,000 (Muito alto);0,933232618;0,976812435;2750.0
padre andrade;Casa à venda, 300 m² por R$ 1.200.000,00 - Padre Andrade - Fortaleza/CE;1200000;300;Médio (0,3501-0,5000);0,361176583;622,59;39,125285008;16,641497143;36,244114773;7,464984750;0,801-0,900 (Alto);0,895516195;0,840697664;4000.0
parreao;Casa à venda, 400 m² por R$ 850.000,00 - Montese - Fortaleza/CE;850000;400;Alto (0,5001-0,7000);0,571950202;1202,45;33,310618966;19,083853871;41,476433844;15,767556313;0,901-1,000 (Muito alto);0,891607704;0,894104667;2125.0
fatima;Casa com 3 dormitórios à venda, 100 m² por R$ 599.000,00 - Fátima - Fortaleza/CE;599000;100;Alto (0,5001-0,7000);0,694795867;1756,11;14,820940358;13,187295372;38,876700307;32,733655112;0,901-1,000 (Muito alto);0,968426708;0,956876508;5990.0
parque dois irmaos;Casa à venda por R$ 450.000,00 - Passaré - Fortaleza/CE;450000;250;Baixo (0,2501-0,3500);0,251057366;557,84;43,389690722;17,363573883;32,401374570;6,496219931;0,801-0,900 (Alto);0,710086364;0,785807154;1800.0
barroso;Casa residencial à venda, Barroso, Fortaleza - CA0962.;350000;400;Muito baixo (0,0000-0,2500);0,186896646;393,71;40,856694632;18,839096924;31,246163290;8,119045995;0,801-0,900 (Alto);0,762284782;0,785576003;875.0
jose bonifacio;Casa residencial à venda, José Bonifácio, Fortaleza.;550000;200;Alto (0,5001-0,7000);0,643759239;1159,2;14,820940358;13,187295372;38,876700307;32,733655112;0,901-1,000 (Muito alto);0,968426708;0,956876508;2750.0
itaoca;Casa à venda, 300 m² por R$ 750.000,00 - Parangaba - Fortaleza/CE;750000;300;Médio (0,3501-0,5000);0,373493056;605,65;34,077998528;20,844738779;31,805739514;11,958793230;0,801-0,900 (Alto);0,850397873;0,898943581;2500.0
jardim das oliveiras;Casa à venda, 160 m² por R$ 600.000,00 - Jardim das Oliveiras - Fortaleza/CE;600000;160;Baixo (0,2501-0,3500);0,270016708;474,77;36,116420294;18,467084412;29,666368277;14,104952459;0,801-0,900 (Alto);0,782830885;0,853864084;3750.0
aldeota;Casa à venda por R$ 340.000,00 - Aldeota - Fortaleza/CE;340000;80;Muito alto (0,800-1,0000);0,866564809;2901,57;14,701582498;10,349072815;32,870809716;41,403985740;0,901-1,000 (Muito alto);0,933232618;0,976812435;4250.0
jardim america;Casa com 4 dormitórios à venda, 280 m² por R$ 490.000,00 - Jardim América - Fortaleza/CE;490000;280;Médio (0,3501-0,5000);0,443687971;715,56;33,310618966;19,083853871;41,476433844;15,767556313;0,901-1,000 (Muito alto);0,891607704;0,894104667;1750.0
montese;Casa à venda, 500 m² por R$ 900.000,00 - Montese - Fortaleza/CE;890000;500;Médio (0,3501-0,5000);0,472813897;822,59;34,077998528;20,844738779;31,805739514;11,958793230;0,801-0,900 (Alto);0,850397873;0,898943581;1780.0
parangaba;Casa à venda, 47 m² por R$ 330.000,00 - Maraponga - Fortaleza/CE;330000;48;Médio (0,3501-0,5000);0,418919096;787,91;35,541519026;20,313841143;33,842463191;9,375618989;0,801-0,900 (Alto);0,87948054;0,899379336;6875.0
messejana;Casa com 3 dormitórios à venda, 88 m² - Messejana - Fortaleza/CE;385000;88;Médio (0,3501-0,5000);0,375702403;648,89;35,379485638;19,656180819;34,808275711;8,975375113;0,901-1,000 (Muito alto);0,814567697;0,87099405;4375.0
aldeota;Casa à venda, 1600 m² por R$ 5.000.000,00 - Aldeota - Fortaleza/CE;5000000;1600;Muito alto (0,800-1,0000);0,866564809;2901,57;14,701582498;10,349072815;32,870809716;41,403985740;0,901-1,000 (Muito alto);0,933232618;0,976812435;3125.0
edson queiroz;Casa à venda, 500 m² por R$ 1.265.000,00 - Edson Queiroz - Fortaleza/CE;1265000;500;Médio (0,3501-0,5000);0,350300888;919,55;36,129502261;18,401148465;33,241199032;12,076021512;0,801-0,900 (Alto);0,764487418;0,724787651;2530.0
vila velha;Casa com 4 dormitórios à venda, 150 m² por R$ 450.000,00 - Vila Velha - Fortaleza/CE;450000;150;Baixo (0,2501-0,3500);0,271651977;486,95;40,911753823;21,190490873;31,845091268;5,250986680;0,701-0,800 (Médio);0,811429133;0,813284402;3000.0
joao xxiii;Casa com 6 dormitórios à venda, 400 m² por R$ 980.000,00 - João Xxiii - Fortaleza/CE;1000000;400;Baixo (0,2501-0,3500);0,283709367;449,97;39,446985766;21,568577343;33,881066162;4,794152973;0,801-0,900 (Alto);0,83456882;0,853452247;2500.0
montese;Casa à venda, 400 m² por R$ 900.000,00 - Montese - Fortaleza/CE;900000;400;Médio (0,3501-0,5000);0,472813897;822,59;34,077998528;20,844738779;31,805739514;11,958793230;0,801-0,900 (Alto);0,850397873;0,898943581;2250.0
parreao;Casa com 5 dormitórios à venda, 200 m² por R$ 550.000,00 - Vila União - Fortaleza/CE;549000;200;Alto (0,5001-0,7000);0,571950202;1202,45;33,310618966;19,083853871;41,476433844;15,767556313;0,901-1,000 (Muito alto);0,891607704;0,894104667;2745.0
joaquim tavora;Casa com 1 dormitório à venda, 50 m², Terreno 3,00m x 20,50m- Joaquim Távora - Fortaleza/C;153000;50;Alto (0,5001-0,7000);0,662519548;1446,03;21,701616731;12,380978974;36,327590540;29,506045291;0,901-1,000 (Muito alto);0,966210918;0,949667769;3060.0
bom futuro;Casa à venda, 160 m² por R$ 380.000,00 - Montese - Fortaleza/CE;380000;160;Alto (0,5001-0,7000);0,505352588;789,45;33,310618966;19,083853871;41,476433844;15,767556313;0,901-1,000 (Muito alto);0,891607704;0,894104667;2375.0
montese;Casa residencial à venda, Montese, Fortaleza.;900000;300;Médio (0,3501-0,5000);0,472813897;822,59;34,077998528;20,844738779;31,805739514;11,958793230;0,801-0,900 (Alto);0,850397873;0,898943581;3000.0
damas;Casa com 5 dormitórios à venda, 160 m² por R$ 290.000,00 - Damas - Fortaleza/CE;240000;160;Alto (0,5001-0,7000);0,510646561;1026,95;24,779127911;12,897375444;37,580640982;16,112651242;0,901-1,000 (Muito alto);0,876499115;0,916228455;1500.0
damas;Casa à venda, 100 m² por R$ 340.000,00 - Damas - Fortaleza/CE;340000;100;Alto (0,5001-0,7000);0,510646561;1026,95;24,779127911;12,897375444;37,580640982;16,112651242;0,901-1,000 (Muito alto);0,876499115;0,916228455;3400.0
alvaro weyne;Casa Duplex à venda 6 quartos e 4 vagas no Ávaro Weyne - Fortaleza - Ceará;650000;250;Médio (0,3501-0,5000);0,364663527;562,49;43,363610372;16,791660252;36,088323913;4,400800545;0,801-0,900 (Alto);0,88182318;0,814877908;2600.0
passare;Casa com 2 dormitórios à venda, 58 m² por R$ 290.000,00 - Passaré - Fortaleza/CE;290000;58;Muito baixo (0,0000-0,2500);0,224672553;619,47;45,353468304;17,948414015;28,860651463;7,702337490;0,801-0,900 (Alto);0,747949696;0,803322248;5000.0
centro;Casa Duplex com 3 Quartos à Venda, 120 m² por R$ 549.000 - Centro - Fortaleza/CE;549000;120;Alto (0,5001-0,7000);0,556689243;1062,93;28,155522754;18,385100970;36,512672341;15,938569769;0,901-1,000 (Muito alto);0,874335556;0,871428206;4575.0
maraponga;Casa para venda tem 110 metros quadrados com 3 quartos em Maraponga - Fortaleza - CE;385000;110;Médio (0,3501-0,5000);0,390382558;916,44;36,505561856;19,918924788;36,715488744;6,044446589;0,701-0,800 (Médio);0,851594864;0,874788715;3500.0
cristo redentor;Casa à venda, 200 m² por R$ 340.000,00 - Cristo Redentor - Fortaleza/CE;340000;200;Baixo (0,2501-0,3500);0,253841671;377,42;51,264373935;19,697614991;25,532367973;2,339757240;0,801-0,900 (Alto);0,827228452;0,616840218;1700.0
parque manibura;Casa residencial à venda, Parque Manibura, Fortaleza.;1400000;400;Alto (0,5001-0,7000);0,578017912;1591,49;46,732432432;19,432432432;26,132432432;7,324324324;0,801-0,900 (Alto);0,852470943;0,920787325;3500.0
edson queiroz;Casa com 3 quartos à venda, 158 m² por R$ 790.000 - Lagoa Sapiranga (Coité) - Fortaleza/CE;790000;158;Médio (0,3501-0,5000);0,350300888;919,55;36,129502261;18,401148465;33,241199032;12,076021512;0,801-0,900 (Alto);0,764487418;0,724787651;5000.0
jangurussu;Casa Duplex para venda com 80 m² com 3 quartos em Jangurussu - Fortaleza - CE;270000;80;Muito baixo (0,0000-0,2500);0,172086984;416,9;44,871281532;22,669995525;25,724851026;3,438773347;0,701-0,800 (Médio);0,791911127;0,781121014;3375.0
parangaba;Casa à venda, 160 m² por R$ 380.000,00 - Parangaba - Fortaleza/CE;380000;160;Médio (0,3501-0,5000);0,418919096;787,91;35,541519026;20,313841143;33,842463191;9,375618989;0,801-0,900 (Alto);0,87948054;0,899379336;2375.0
papicu;Casa com 4 dormitórios à venda, 300 m² por R$ 825.000,00 - Papicu - Fortaleza/CE;825000;300;Alto (0,5001-0,7000);0,529635268;1476,65;28,634744959;12,451002997;30,174467758;27,458816899;0,901-1,000 (Muito alto);0,885440082;0,851718415;2750.0
aldeota;Casa à venda, 200 m² por R$ 1.300.000,00 - Aldeota - Fortaleza/CE;1300000;200;Muito alto (0,800-1,0000);0,866564809;2901,57;14,701582498;10,349072815;32,870809716;41,403985740;0,901-1,000 (Muito alto);0,933232618;0,976812435;6500.0
dende;Casa à venda, 90 m² por R$ 270.000,00 - Itaperi - Fortaleza/CE;270000;90;Muito baixo (0,0000-0,2500);0,181127137;633,44;43,389690722;17,363573883;32,401374570;6,496219931;0,801-0,900 (Alto);0,710086364;0,785807154;3000.0
centro;Casa com 4 dormitórios à venda, 160 m² por R$ 520.000,00 - Centro - Fortaleza/CE;520000;160;Alto (0,5001-0,7000);0,556689243;1062,93;28,155522754;18,385100970;36,512672341;15,938569769;0,901-1,000 (Muito alto);0,874335556;0,871428206;3250.0
cambeba;Casa Duplex para Venda em Cambeba Fortaleza-CE;1790000;400;Alto (0,5001-0,7000);0,517592175;1628,07;39,531777539;17,857010351;25,652060995;16,328423552;0,801-0,900 (Alto);0,679578618;0,813346747;4475.0
granja lisboa;Casa com 5 dormitórios à venda, 200 m² por R$ 320.000,00 - Granja Lisboa - Fortaleza/CE;320000;200;Muito baixo (0,0000-0,2500);0,169986701;341,36;55,395532806;21,810144253;20,404839460;1,696137738;0,501-0,700 (Baixo);0,684875178;0,787899582;1600.0
passare;Casa com 3 dormitórios à venda, 100 m² por R$ 375.000,00 - Passaré - Fortaleza/CE;375000;100;Muito baixo (0,0000-0,2500);0,224672553;619,47;45,353468304;17,948414015;28,860651463;7,702337490;0,801-0,900 (Alto);0,747949696;0,803322248;3750.0
messejana;Linda casa a venda 360m2 com 3 suítes em Messejana - Fortaleza - CE;450000;360;Médio (0,3501-0,5000);0,375702403;648,89;35,379485638;19,656180819;34,808275711;8,975375113;0,901-1,000 (Muito alto);0,814567697;0,87099405;1250.0
passare;Casa com 3 dormitórios à venda, 100 m² por R$ 375.000,00 - Passaré - Fortaleza/C;375000;100;Muito baixo (0,0000-0,2500);0,224672553;619,47;45,353468304;17,948414015;28,860651463;7,702337490;0,801-0,900 (Alto);0,747949696;0,803322248;3750.0
sao bento;Casa à venda no bairro São Bento - Fortaleza;699000;200;Muito baixo (0,0000-0,2500);0,198287378;434,74;49,469459426;21,989213596;25,691709520;2,842092061;0,701-0,800 (Médio);0,585923687;0,789779326;3495.0
sao bento;Casa com 3 dormitórios à venda por R$ 420.000 - Messejana - Fortaleza/CE;420000;200;Muito baixo (0,0000-0,2500);0,198287378;434,74;49,469459426;21,989213596;25,691709520;2,842092061;0,701-0,800 (Médio);0,585923687;0,789779326;2100.0
parque dois irmaos;Casa com 2 dormitórios à venda, 100 m² por R$ 280.000 - Parque Dois Irmãos - Fortaleza/CE;280000;100;Baixo (0,2501-0,3500);0,251057366;557,84;43,389690722;17,363573883;32,401374570;6,496219931;0,801-0,900 (Alto);0,710086364;0,785807154;2800.0
parque dois irmaos;Casa com 2 dormitórios à venda, 100 m² por R$ 500.000,00 - Itaperi - Fortaleza/CE;500000;100;Baixo (0,2501-0,3500);0,251057366;557,84;43,389690722;17,363573883;32,401374570;6,496219931;0,801-0,900 (Alto);0,710086364;0,785807154;5000.0
parque dois irmaos;Casa com 4 dormitórios à venda por R$ 240.000,00 - Parque Dois Irmãos - Fortaleza/CE;240000;160;Baixo (0,2501-0,3500);0,251057366;557,84;43,389690722;17,363573883;32,401374570;6,496219931;0,801-0,900 (Alto);0,710086364;0,785807154;1500.0
jangurussu;Casa com 2 dormitórios à venda, 75 m² por R$ 168.000,00 - Jangurussu - Fortaleza/CE;168000;75;Muito baixo (0,0000-0,2500);0,172086984;416,9;44,871281532;22,669995525;25,724851026;3,438773347;0,701-0,800 (Médio);0,791911127;0,781121014;2240.0
mondubim;Casa com 2 dormitórios à venda, 100 m² por R$ 550.000,00 - Maraponga - Fortaleza/CE;550000;100;Muito baixo (0,0000-0,2500);0,232790791;500,06;42,399046155;20,863794672;31,702801920;4,576260550;0,701-0,800 (Médio);0,800166323;0,824973502;5500.0
jardim cearense;Casa com 2 dormitórios à venda, 100 m² por R$ 360.000,00 - Maporanga - Fortaleza/CE;360000;100;Baixo (0,2501-0,3500);0,31815202;717,01;43,389690722;17,363573883;32,401374570;6,496219931;0,801-0,900 (Alto);0,710086364;0,785807154;3600.0
parque sao jose;Casa com 4 dormitórios à venda, 120 m² por R$ 450.000,00 - Parque São José - Fortaleza/CE;450000;120;Baixo (0,2501-0,3500);0,284064862;419,79;55,442121248;22,228711599;19,820114473;1,483471557;0,501-0,700 (Baixo);0,592596176;0,746341404;3750.0
edson queiroz;Casa com 4 dormitórios à venda, 200 m² por R$ 760.000,00 - Edson Queiroz - Fortaleza/CE;760000;200;Médio (0,3501-0,5000);0,350300888;919,55;36,129502261;18,401148465;33,241199032;12,076021512;0,801-0,900 (Alto);0,764487418;0,724787651;3800.0
montese;Casa à venda, 300 m² por R$ 750.000,00 - Montese - Fortaleza/CE;750000;300;Médio (0,3501-0,5000);0,472813897;822,59;34,077998528;20,844738779;31,805739514;11,958793230;0,801-0,900 (Alto);0,850397873;0,898943581;2500.0
coacu;Casa à venda | 50 mts da Washington Soares | Bairro Coaçú | Fortaleza (CE) -;420000;250;Baixo (0,2501-0,3500);0,255321217;562,66;46,732432432;19,432432432;26,132432432;7,324324324;0,701-0,800 (Médio);0,812300179;0,791664593;1680.0
itaperi;Casa à venda, 100 m² por R$ 380.000,00 - Itaperi - Fortaleza/CE;380000;100;Médio (0,3501-0,5000);0,368393967;798,25;40,134991280;17,956558175;32,352608095;8,393920862;0,801-0,900 (Alto);0,813293696;0,842930831;3800.0
jangurussu;Casa com 8 dormitórios à venda, 400 m² por R$ 280.000,00 - Jangurussu - Fortaleza/CE;280000;400;Muito baixo (0,0000-0,2500);0,172086984;416,9;44,871281532;22,669995525;25,724851026;3,438773347;0,701-0,800 (Médio);0,791911127;0,781121014;700.0
cidade dos funcionarios;Casa na Cidade dos Funcionários à Venda, Fortaleza, CE, 3 Dormitórios, 3 Vagas, Ótima Loca;970000;194;Alto (0,5001-0,7000);0,571862895;1549,05;36,116420294;18,467084412;29,666368277;14,104952459;0,801-0,900 (Alto);0,782830885;0,853864084;5000.0
presidente kennedy;Casa á Venda no Presidente Kennedy- Fortaleza/CE;1490000;250;Médio (0,3501-0,5000);0,428987851;778,11;27,856327827;13,330356700;39,472639778;17,492682443;0,901-1,000 (Muito alto);0,920249156;0,892396638;5960.0
itaperi;Casa duplex para venda com 100 metros quadrados com 3 quartos em Itaperi - Fortaleza - CE;385000;100;Médio (0,3501-0,5000);0,368393967;798,25;40,134991280;17,956558175;32,352608095;8,393920862;0,801-0,900 (Alto);0,813293696;0,842930831;3850.0
serrinha;Casa Duplex para venda possui 200 metros quadrados com 6 quartos em Serrinha - Fortaleza -;398000;200;Baixo (0,2501-0,3500);0,282916147;519,27;40,134991280;17,956558175;32,352608095;8,393920862;0,801-0,900 (Alto);0,813293696;0,842930831;1990.0
granja portugal;Casa com 2 dormitórios à venda, 100 m² por R$ 380.000,00 - Granja Portugal - Fortaleza/CE;380000;100;Muito baixo (0,0000-0,2500);0,190184768;334,83;48,279658171;17,768780087;29,775721163;3,692577527;0,501-0,700 (Baixo);0,810477991;0,813561102;3800.0
novo mondubim;Casa com 3 dormitórios à venda, 200 m² por R$ 640.000,00 - Novo Mondubim - Fortaleza/CE;640000;200;Baixo (0,2501-0,3500);0,282158652;0;36,505561856;19,918924788;36,715488744;6,044446589;0,701-0,800 (Médio);0,851594864;0,874788715;3200.0
fatima;Casa com 3 dormitórios à venda, 184 m² por R$ 690.000,00 - Fátima - Fortaleza/CE;690000;184;Alto (0,5001-0,7000);0,694795867;1756,11;14,820940358;13,187295372;38,876700307;32,733655112;0,901-1,000 (Muito alto);0,968426708;0,956876508;3750.0
jose de alencar;Casa com 6 dormitórios à venda, 330 m² por R$ 990.000,00 - José de Alencar - Fortaleza/CE;990000;330;Médio (0,3501-0,5000);0,376978555;1290,87;39,531777539;17,857010351;25,652060995;16,328423552;0,801-0,900 (Alto);0,679578618;0,813346747;3000.0
joaquim tavora;Casa com 4 dormitórios à venda, 4000 m² por R$ 1.200.000,00 - Joaquim Távora - Fortaleza/C;1200000;4000;Alto (0,5001-0,7000);0,662519548;1446,03;21,701616731;12,380978974;36,327590540;29,506045291;0,901-1,000 (Muito alto);0,966210918;0,949667769;300.0
coacu;Casa solta para venda tem 220 metros quadrados com 3 quartos Messejana - Fortaleza - CE;470000;200;Baixo (0,2501-0,3500);0,255321217;562,66;46,732432432;19,432432432;26,132432432;7,324324324;0,701-0,800 (Médio);0,812300179;0,791664593;2350.0
dom lustosa;Casa para venda tem 120 metros quadrados com 3 quartos em Dom Lustosa - Fortaleza - CE;549000;120;Baixo (0,2501-0,3500);0,32009171;547,8;50,670837678;18,786930831;27,233229058;3,166492875;0,701-0,800 (Médio);0,786475485;0,743744374;4575.0
cambeba;Casa com 5 dormitórios à venda, 250 m² por R$ 850.000,00 - Lago Jacarey - Fortaleza/CE;850000;250;Alto (0,5001-0,7000);0,517592175;1628,07;39,531777539;17,857010351;25,652060995;16,328423552;0,801-0,900 (Alto);0,679578618;0,813346747;3400.0
mondubim;Casa com 3 dormitórios à venda, 108 m² por R$ 345.000,00 - Mondubim - Fortaleza/CE;345000;100;Muito baixo (0,0000-0,2500);0,232790791;500,06;42,399046155;20,863794672;31,702801920;4,576260550;0,701-0,800 (Médio);0,800166323;0,824973502;3450.0
jardim cearense;Casa com 4 dormitórios à venda, 240 m² por R$ 1.800.000,00 - Jardim Cearense - Fortaleza/C;1800000;240;Baixo (0,2501-0,3500);0,31815202;717,01;43,389690722;17,363573883;32,401374570;6,496219931;0,801-0,900 (Alto);0,710086364;0,785807154;7500.0
mondubim;Casa Plana venda possui 90 metros quadrados com 2 quartos em Mondubim - Fortaleza - CE;360000;90;Muito baixo (0,0000-0,2500);0,232790791;500,06;42,399046155;20,863794672;31,702801920;4,576260550;0,701-0,800 (Médio);0,800166323;0,824973502;4000.0
passare;Casa com 4 dormitórios à venda, 140 m² por R$ 455.000,00 - Passaré - Fortaleza/CE;455000;140;Muito baixo (0,0000-0,2500);0,224672553;619,47;45,353468304;17,948414015;28,860651463;7,702337490;0,801-0,900 (Alto);0,747949696;0,803322248;3250.0
benfica;Casa com 5 dormitórios à venda, 500 m² por R$ 900.000,00 - Benfica - Fortaleza/CE;900000;500;Alto (0,5001-0,7000);0,628455191;1246,4;24,779127911;12,897375444;37,580640982;16,112651242;0,901-1,000 (Muito alto);0,876499115;0,916228455;1800.0
montese;Casa com 6 dormitórios à venda, 400 m² por R$ 850.000,00 - Montese - Fortaleza/CE;850000;400;Médio (0,3501-0,5000);0,472813897;822,59;34,077998528;20,844738779;31,805739514;11,958793230;0,801-0,900 (Alto);0,850397873;0,898943581;2125.0
jardim cearense;Casa à venda, 160 m² por R$ 740.000,00 - Jardim Cearense - Fortaleza/CE;740000;160;Baixo (0,2501-0,3500);0,31815202;717,01;43,389690722;17,363573883;32,401374570;6,496219931;0,801-0,900 (Alto);0,710086364;0,785807154;4625.0
cajazeiras;Casa a venda com 4 quartos em Cajazeiras - Fortaleza - CE;750000;150;Baixo (0,2501-0,3500);0,304549738;768,93;40,856694632;18,839096924;31,246163290;8,119045995;0,801-0,900 (Alto);0,762284782;0,785576003;5000.0
parque manibura;Casa a venda com 4 quartos no Parque Manibura - Fortaleza - CE;570000;250;Alto (0,5001-0,7000);0,578017912;1591,49;46,732432432;19,432432432;26,132432432;7,324324324;0,801-0,900 (Alto);0,852470943;0,920787325;2280.0
jardim cearense;Casa à venda no bairro Jardim Cearense - Fortaleza/CE;150000;150;Baixo (0,2501-0,3500);0,31815202;717,01;43,389690722;17,363573883;32,401374570;6,496219931;0,801-0,900 (Alto);0,710086364;0,785807154;1000.0
cajazeiras;Casa à Venda no Bairro Cajazeiras, Fortaleza, CE, 4 Dormitórios, 3 Vagas, acabamento de al;750000;150;Baixo (0,2501-0,3500);0,304549738;768,93;40,856694632;18,839096924;31,246163290;8,119045995;0,801-0,900 (Alto);0,762284782;0,785576003;5000.0
joquei clube;Casa com 3 dormitórios à venda por R$ 890.000,00 - Jóquei Clube - Fortaleza/CE;890000;200;Médio (0,3501-0,5000);0,406362443;708,67;32,043888556;17,899940084;41,428250449;8,421959257;0,801-0,900 (Alto);0,9115318;0,865542527;4450.0
itaperi;Casa com 3 dormitórios à venda por R$ 650.000,00 - Itaperi - Fortaleza/CE;650000;200;Médio (0,3501-0,5000);0,368393967;798,25;40,134991280;17,956558175;32,352608095;8,393920862;0,801-0,900 (Alto);0,813293696;0,842930831;3250.0
itaperi;Casa com 4 dormitórios à venda, 90 m² por R$ 270.000,00 - Parque Dois Irmãos - Fortaleza/C;270000;90;Médio (0,3501-0,5000);0,368393967;798,25;40,134991280;17,956558175;32,352608095;8,393920862;0,801-0,900 (Alto);0,813293696;0,842930831;3000.0
mondubim;Casa com 2 dormitórios à venda, 100 m² por R$ 490.000,00 - Maraponga - Fortaleza/CE;490000;100;Muito baixo (0,0000-0,2500);0,232790791;500,06;42,399046155;20,863794672;31,702801920;4,576260550;0,701-0,800 (Médio);0,800166323;0,824973502;4900.0
jose de alencar;Casa com 4 dormitórios à venda, 600 m² por R$ 1.488.000,00 - José de Alencar - Fortaleza/C;1488000;600;Médio (0,3501-0,5000);0,376978555;1290,87;39,531777539;17,857010351;25,652060995;16,328423552;0,801-0,900 (Alto);0,679578618;0,813346747;2480.0
pici;Casa com 2 dormitórios à venda, 72 m² por R$ 180.000,00 - Pici - Fortaleza/CE;180000;72;Muito baixo (0,0000-0,2500);0,218649272;424,62;48,825123634;21,871420189;23,201363471;3,436618144;0,801-0,900 (Alto);0,714538444;0,763399591;2500.0
jardim cearense;Casa com 1 dormitório à venda, 100 m² por R$ 270.000,00 - Jardim Cearense - Fortaleza/CE;270000;100;Baixo (0,2501-0,3500);0,31815202;717,01;43,389690722;17,363573883;32,401374570;6,496219931;0,801-0,900 (Alto);0,710086364;0,785807154;2700.0
mondubim;Casa com 3 dormitórios à venda, 90 m² por R$ 450.000,00 - Mondubim - Fortaleza/CE;450000;90;Muito baixo (0,0000-0,2500);0,232790791;500,06;42,399046155;20,863794672;31,702801920;4,576260550;0,701-0,800 (Médio);0,800166323;0,824973502;5000.0
democrito rocha;Casa com 2 dormitórios à venda, 80 m² por R$ 240.000,00 - Parangaba - Fortaleza/CE;240000;80;Médio (0,3501-0,5000);0,369402194;572,76;32,043888556;17,899940084;41,428250449;8,421959257;0,801-0,900 (Alto);0,9115318;0,865542527;3000.0
mondubim;Casa com 3 dormitórios à venda, 150 m² por R$ 498.000,00 - Mondubim - Fortaleza/CE;498000;150;Muito baixo (0,0000-0,2500);0,232790791;500,06;42,399046155;20,863794672;31,702801920;4,576260550;0,701-0,800 (Médio);0,800166323;0,824973502;3320.0
henrique jorge;Casa com 2 dormitórios à venda, 40 m² por R$ 300.000,00 - Henrique Jorge - Fortaleza/CE;300000;40;Baixo (0,2501-0,3500);0,340810388;551,52;39,446985766;21,568577343;33,881066162;4,794152973;0,801-0,900 (Alto);0,83456882;0,853452247;7500.0
passare;Casa dúplex para venda possui 80 metros quadrados com 2 quartos em Passaré - Fortaleza - C;250000;80;Muito baixo (0,0000-0,2500);0,224672553;619,47;45,353468304;17,948414015;28,860651463;7,702337490;0,801-0,900 (Alto);0,747949696;0,803322248;3125.0
lagoa redonda;Casa com 2 dormitórios à venda, 60 m² por R$ 285.000 - Lagoa Redonda - Fortaleza;285000;60;Baixo (0,2501-0,3500);0,252678506;544,16;46,732432432;19,432432432;26,132432432;7,324324324;0,701-0,800 (Médio);0,812300179;0,791664593;4750.0
democrito rocha;Casa à venda, Demócrito Rocha, Fortaleza, CE;299000;100;Médio (0,3501-0,5000);0,369402194;572,76;32,043888556;17,899940084;41,428250449;8,421959257;0,801-0,900 (Alto);0,9115318;0,865542527;2990.0
benfica;Casa duplex com 2 dormitórios à venda, 120 m² por R$ 300.000 - Benfica - Fortaleza/CE;300000;120;Alto (0,5001-0,7000);0,628455191;1246,4;24,779127911;12,897375444;37,580640982;16,112651242;0,901-1,000 (Muito alto);0,876499115;0,916228455;2500.0
damas;Casa com 3 dormitórios à venda, 125 m² por R$ 340.000,00 - Montese - Fortaleza/CE;340000;125;Alto (0,5001-0,7000);0,510646561;1026,95;24,779127911;12,897375444;37,580640982;16,112651242;0,901-1,000 (Muito alto);0,876499115;0,916228455;2720.0
rodolfo teofilo;Casa com 4 dormitórios à venda, 320 m² por R$ 1.200.000,00 - Rodolfo Teófilo - Fortaleza/C;1200000;320;Médio (0,3501-0,5000);0,481883008;818,26;24,779127911;12,897375444;37,580640982;16,112651242;0,901-1,000 (Muito alto);0,876499115;0,916228455;3750.0
mondubim;Casa com 3 dormitórios à venda, 100 m² por R$ 430.000,00 - Mondubim - Fortaleza/CE;430000;100;Muito baixo (0,0000-0,2500);0,232790791;500,06;42,399046155;20,863794672;31,702801920;4,576260550;0,701-0,800 (Médio);0,800166323;0,824973502;4300.0
padre andrade;Casa com 4 dormitórios à venda, 250 m² por R$ 490.000,00 - Padre Andrade - Fortaleza/CE;490000;250;Médio (0,3501-0,5000);0,361176583;622,59;39,125285008;16,641497143;36,244114773;7,464984750;0,801-0,900 (Alto);0,895516195;0,840697664;1960.0
parangaba;Casa à venda, 400 m² por R$ 380.000,00 - Parangaba - Fortaleza/CE;380000;400;Médio (0,3501-0,5000);0,418919096;787,91;35,541519026;20,313841143;33,842463191;9,375618989;0,801-0,900 (Alto);0,87948054;0,899379336;950.0
centro;Casa à venda, 240 m² por R$ 660.000,00 - Centro - Fortaleza/CE;660000;240;Alto (0,5001-0,7000);0,556689243;1062,93;28,155522754;18,385100970;36,512672341;15,938569769;0,901-1,000 (Muito alto);0,874335556;0,871428206;2750.0
serrinha;Casa com 4 dormitórios à venda, 400 m² por R$ 870.000,00 - Serrinha - Fortaleza/CE;870000;400;Baixo (0,2501-0,3500);0,282916147;519,27;40,134991280;17,956558175;32,352608095;8,393920862;0,801-0,900 (Alto);0,813293696;0,842930831;2175.0
parangaba;Casa com 4 dormitórios à venda, 250 m² por R$ 550.000,00 - Parangaba - Fortaleza/CE;550000;250;Médio (0,3501-0,5000);0,418919096;787,91;35,541519026;20,313841143;33,842463191;9,375618989;0,801-0,900 (Alto);0,87948054;0,899379336;2200.0
parque dois irmaos;Casa com 2 dormitórios à venda por R$ 309.000 - Parque Dois Irmãos - Fortaleza/C;309000;100;Baixo (0,2501-0,3500);0,251057366;557,84;43,389690722;17,363573883;32,401374570;6,496219931;0,801-0,900 (Alto);0,710086364;0,785807154;3090.0
passare;Casa com 3 dormitórios à venda, 71 m² por R$ 284.000 - Passaré - Fortaleza/CE;284000;71;Muito baixo (0,0000-0,2500);0,224672553;619,47;45,353468304;17,948414015;28,860651463;7,702337490;0,801-0,900 (Alto);0,747949696;0,803322248;4000.0
passare;Casa com 3 dormitórios à venda, 70 m² por R$ 399.000 - Passaré - Fortaleza/CE;399000;70;Muito baixo (0,0000-0,2500);0,224672553;619,47;45,353468304;17,948414015;28,860651463;7,702337490;0,801-0,900 (Alto);0,747949696;0,803322248;5700.0
passare;Casa com 3 dormitórios à venda, 100 m² por R$ 350.000 - Passaré - Fortaleza/CE;350000;100;Muito baixo (0,0000-0,2500);0,224672553;619,47;45,353468304;17,948414015;28,860651463;7,702337490;0,801-0,900 (Alto);0,747949696;0,803322248;3500.0
sao bento;Casa com 4 dormitórios à venda, 175 m² por R$ 700.000,00 - São Bento - Fortaleza;700000;175;Muito baixo (0,0000-0,2500);0,198287378;434,74;49,469459426;21,989213596;25,691709520;2,842092061;0,701-0,800 (Médio);0,585923687;0,789779326;4000.0
passare;Casa com 5 dormitórios à venda, 120 m² por R$ 330.000,00 - Passaré - Fortaleza/C;330000;120;Muito baixo (0,0000-0,2500);0,224672553;619,47;45,353468304;17,948414015;28,860651463;7,702337490;0,801-0,900 (Alto);0,747949696;0,803322248;2750.0
parque dois irmaos;Casa com 3 dormitórios à venda, 280 m² por R$ 630.000 - Passaré - Fortaleza/CE;630000;280;Baixo (0,2501-0,3500);0,251057366;557,84;43,389690722;17,363573883;32,401374570;6,496219931;0,801-0,900 (Alto);0,710086364;0,785807154;2250.0
jardim cearense;Casa com 3 dormitórios à venda, 100 m² por R$ 350.000,00 - Maraponga - Fortaleza;360000;100;Baixo (0,2501-0,3500);0,31815202;717,01;43,389690722;17,363573883;32,401374570;6,496219931;0,801-0,900 (Alto);0,710086364;0,785807154;3600.0
centro;Casa para venda com 80 metros quadrados em Centro - Fortaleza - Ceará;200000;80;Alto (0,5001-0,7000);0,556689243;1062,93;28,155522754;18,385100970;36,512672341;15,938569769;0,901-1,000 (Muito alto);0,874335556;0,871428206;2500.0
jardim cearense;Casa à venda, 160 m² por R$ 360.000,00 - Maraponga - Fortaleza/CE;360000;160;Baixo (0,2501-0,3500);0,31815202;717,01;43,389690722;17,363573883;32,401374570;6,496219931;0,801-0,900 (Alto);0,710086364;0,785807154;2250.0
antonio bezerra;Casa com 3 dormitórios à venda, 120 m² por R$ 450.000,00 - Antônio Bezerra - Fortaleza/CE;450000;120;Baixo (0,2501-0,3500);0,348309204;556,87;39,125285008;16,641497143;36,244114773;7,464984750;0,801-0,900 (Alto);0,895516195;0,840697664;3750.0
de lourdes;Casa com 5 Suítes à Venda, 800 m² por R$ 6.000.000 - De Lourdes - Fortaleza/CE;6000000;800;Alto (0,5001-0,7000);0,641826217;3211,09;28,634744959;12,451002997;30,174467758;27,458816899;0,901-1,000 (Muito alto);0,885440082;0,851718415;7500.0
coacu;Casa à venda, 200 m² por R$ 500.000,00 - Coaçu - Fortaleza/CE;500000;200;Baixo (0,2501-0,3500);0,255321217;562,66;46,732432432;19,432432432;26,132432432;7,324324324;0,701-0,800 (Médio);0,812300179;0,791664593;2500.0
jardim cearense;Casa à venda, 160 m² por R$ 740.000,00 - Jardim Cearense - Fortaleza/CE;740000;160;Baixo (0,2501-0,3500);0,31815202;717,01;43,389690722;17,363573883;32,401374570;6,496219931;0,801-0,900 (Alto);0,710086364;0,785807154;4625.0
jose de alencar;Casa à venda no bairro José de Alencar - Fortaleza/CE;480000;120;Médio (0,3501-0,5000);0,376978555;1290,87;39,531777539;17,857010351;25,652060995;16,328423552;0,801-0,900 (Alto);0,679578618;0,813346747;4000.0
parquelandia;Casa para venda possui 100 metros quadrados em Parquelândia - Fortaleza - Ceará;430000;100;Alto (0,5001-0,7000);0,62840092;1170,29;28,627673418;13,576457242;38,220279604;18,741450068;0,801-0,900 (Alto);0,846859077;0,935942334;4300.0
siqueira;Casa com 2 dormitórios à venda, 50 m² por R$ 178.000,00 - Siqueira - Fortaleza/CE;178000;50;Muito baixo (0,0000-0,2500);0,148674574;326,8;59,076550103;19,640758155;19,736262122;0,955039671;0,001-0,500 (Muito baixo);0,621429182;0,739200053;3560.0
cidade dos funcionarios;Casa Para Vender com 06 quartos 05 suítes no bairro Cidade dos Funcionarios em Fortaleza [;3500000;500;Alto (0,5001-0,7000);0,571862895;1549,05;36,116420294;18,467084412;29,666368277;14,104952459;0,801-0,900 (Alto);0,782830885;0,853864084;7000.0
jose de alencar;Casa com 3 dormitórios à venda, 120 m² por R$ 510.000,00 - Alagadiço Novo - Fortaleza/CE;510000;120;Médio (0,3501-0,5000);0,376978555;1290,87;39,531777539;17,857010351;25,652060995;16,328423552;0,801-0,900 (Alto);0,679578618;0,813346747;4250.0
edson queiroz;Casa com 5 dormitórios à venda, 300 m² por R$ 750.000,00 - Edson Queiroz - Fortaleza/CE;750000;300;Médio (0,3501-0,5000);0,350300888;919,55;36,129502261;18,401148465;33,241199032;12,076021512;0,801-0,900 (Alto);0,764487418;0,724787651;2500.0
jangurussu;Casa com 3 dormitórios à venda, 116 m² por R$ 435.000,00 - Messejana - Fortaleza;435000;116;Muito baixo (0,0000-0,2500);0,172086984;416,9;44,871281532;22,669995525;25,724851026;3,438773347;0,701-0,800 (Médio);0,791911127;0,781121014;3750.0
jose de alencar;Casa à venda com 3 quartos localizada no bairro Cambeba - Fortaleza - CE;690000;230;Médio (0,3501-0,5000);0,376978555;1290,87;39,531777539;17,857010351;25,652060995;16,328423552;0,801-0,900 (Alto);0,679578618;0,813346747;3000.0
lagoa redonda;Casa Térrea para venda e locação com 100 metros com 3 quartos em Lagoa Redonda - Fortaleza;420000;100;Baixo (0,2501-0,3500);0,252678506;544,16;46,732432432;19,432432432;26,132432432;7,324324324;0,701-0,800 (Médio);0,812300179;0,791664593;4200.0
antonio bezerra;Casas a Venda no Bairro Antonio Bezerra -Fortaleza-CE;600000;120;Baixo (0,2501-0,3500);0,348309204;556,87;39,125285008;16,641497143;36,244114773;7,464984750;0,801-0,900 (Alto);0,895516195;0,840697664;5000.0
mondubim;Casa com 3 dormitórios à venda, 200 m² por R$ 950.000,00 - Maraponga - Fortaleza/CE;950000;200;Muito baixo (0,0000-0,2500);0,232790791;500,06;42,399046155;20,863794672;31,702801920;4,576260550;0,701-0,800 (Médio);0,800166323;0,824973502;4750.0
parque dois irmaos;Linda Casa a venda, 4 quartos sendo 2 suítes, 5 vagas, no Parque Dois Irmãos - Fortaleza -;435000;250;Baixo (0,2501-0,3500);0,251057366;557,84;43,389690722;17,363573883;32,401374570;6,496219931;0,801-0,900 (Alto);0,710086364;0,785807154;1740.0
parquelandia;Casa à venda, 200 m² por R$ 550.000,00 - Parquelândia - Fortaleza/CE;550000;200;Alto (0,5001-0,7000);0,62840092;1170,29;28,627673418;13,576457242;38,220279604;18,741450068;0,801-0,900 (Alto);0,846859077;0,935942334;2750.0
cidade 2000;Casa para venda, 3 quarto(s), Cidade 2000, Fortaleza - CA1716;700000;200;Alto (0,5001-0,7000);0,561946901;1017,12;28,155522754;18,385100970;36,512672341;15,938569769;0,901-1,000 (Muito alto);0,886843825;0,860236427;3500.0
antonio bezerra;Casa a Venda, Antônio Bezerra, Fortaleza, CE;500000;100;Baixo (0,2501-0,3500);0,348309204;556,87;39,125285008;16,641497143;36,244114773;7,464984750;0,801-0,900 (Alto);0,895516195;0,840697664;5000.0
mondubim;casa dúplex rua fechada para venda com 145 metros quadrados com 4 quartos em Fortaleza - C;580000;145;Muito baixo (0,0000-0,2500);0,232790791;500,06;42,399046155;20,863794672;31,702801920;4,576260550;0,701-0,800 (Médio);0,800166323;0,824973502;4000.0
mondubim;Casa Plana venda possui 90 metros quadrados com 2 quartos em Mondubim - Fortaleza - CE;360000;90;Muito baixo (0,0000-0,2500);0,232790791;500,06;42,399046155;20,863794672;31,702801920;4,576260550;0,701-0,800 (Médio);0,800166323;0,824973502;4000.0
montese;casa térria para venda com 400 metros quadrados com 4 quartos em Montese - Fortaleza - CE;850000;400;Médio (0,3501-0,5000);0,472813897;822,59;34,077998528;20,844738779;31,805739514;11,958793230;0,801-0,900 (Alto);0,850397873;0,898943581;2125.0
parangaba;Casa à venda, 200 m² por R$ 550.000,00 - Parangaba - Fortaleza/CE;550000;200;Médio (0,3501-0,5000);0,418919096;787,91;35,541519026;20,313841143;33,842463191;9,375618989;0,801-0,900 (Alto);0,87948054;0,899379336;2750.0
papicu;Casa com 6 dormitórios à venda, 320 m² por R$ 800.000,00 - Papicu - Fortaleza/CE;800000;320;Alto (0,5001-0,7000);0,529635268;1476,65;28,634744959;12,451002997;30,174467758;27,458816899;0,901-1,000 (Muito alto);0,885440082;0,851718415;2500.0
siqueira;Casa à venda, 2 quartos, 1 vaga, Siqueira - Fortaleza/CE;140000;70;Muito baixo (0,0000-0,2500);0,148674574;326,8;59,076550103;19,640758155;19,736262122;0,955039671;0,001-0,500 (Muito baixo);0,621429182;0,739200053;2000.0
de lourdes;Casa à venda, 4 quartos, 4 suítes, 3 vagas, De Lourdes - Fortaleza/CE;2700000;540;Alto (0,5001-0,7000);0,641826217;3211,09;28,634744959;12,451002997;30,174467758;27,458816899;0,901-1,000 (Muito alto);0,885440082;0,851718415;5000.0
cambeba;Casa com 2 dormitórios à venda, 120 m² por R$ 450.000,00 - Cambeba - Fortaleza/CE;450000;120;Alto (0,5001-0,7000);0,517592175;1628,07;39,531777539;17,857010351;25,652060995;16,328423552;0,801-0,900 (Alto);0,679578618;0,813346747;3750.0
monte castelo;Casa com 6 dormitórios à venda, 320 m² por R$ 800.000,00 - Monte Castelo - Fortaleza/CE;800000;320;Médio (0,3501-0,5000);0,434517035;688,29;32,600355036;16,686709042;38,157819390;12,245891313;0,901-1,000 (Muito alto);0,895374394;0,837843346;2500.0
jangurussu;Casa Para Vender com 3 quartos 3 suítes no bairro Messejana em Fortaleza;435000;116;Muito baixo (0,0000-0,2500);0,172086984;416,9;44,871281532;22,669995525;25,724851026;3,438773347;0,701-0,800 (Médio);0,791911127;0,781121014;3750.0
parquelandia;Casa á Venda na Parquelândia- Fortaleza/CE;395000;125;Alto (0,5001-0,7000);0,62840092;1170,29;28,627673418;13,576457242;38,220279604;18,741450068;0,801-0,900 (Alto);0,846859077;0,935942334;3160.0
joao xxiii;Casa á Venda no João XXIII- Fortaleza/CE;300000;300;Baixo (0,2501-0,3500);0,283709367;449,97;39,446985766;21,568577343;33,881066162;4,794152973;0,801-0,900 (Alto);0,83456882;0,853452247;1000.0
parquelandia;Casa á Venda na Parquelândia- Fortaleza/CE;690000;240;Alto (0,5001-0,7000);0,62840092;1170,29;28,627673418;13,576457242;38,220279604;18,741450068;0,801-0,900 (Alto);0,846859077;0,935942334;2875.0
quintino cunha;Casa com 3 dormitórios à venda por R$ 300.000,00 - Barra do Ceará - Fortaleza/CE;300000;200;Muito baixo (0,0000-0,2500);0,222536802;427,43;46,404062241;20,007038536;29,167190367;3,697745155;0,701-0,800 (Médio);0,737688349;0,769851144;1500.0
siqueira;Casa com 2 dormitórios à venda, 79 m² por R$ 140.000,00 - Siqueira - Fortaleza/CE;140000;80;Muito baixo (0,0000-0,2500);0,148674574;326,8;59,076550103;19,640758155;19,736262122;0,955039671;0,001-0,500 (Muito baixo);0,621429182;0,739200053;1750.0
lagoa redonda;Casa com 5 dormitórios à venda, 400 m² por R$ 2.950.000,00 - Alphaville Fortaleza - Fortal;2950000;400;Baixo (0,2501-0,3500);0,252678506;544,16;46,732432432;19,432432432;26,132432432;7,324324324;0,701-0,800 (Médio);0,812300179;0,791664593;7375.0
conjunto ceara i;Casa à venda, 100 m² por R$ 205.000,00 - Prefeito José Walter - Fortaleza/CE;205000;100;Médio (0,3501-0,5000);0,359970667;603,52;48,767095937;20,942397924;26,397124888;3,050813617;0,701-0,800 (Médio);0,806423142;0,774423791;2050.0
jangurussu;Casa com 3 dormitórios à venda, 116 m² por R$ 435.000 - Jangurussu - Fortaleza/CE;435000;116;Muito baixo (0,0000-0,2500);0,172086984;416,9;44,871281532;22,669995525;25,724851026;3,438773347;0,701-0,800 (Médio);0,791911127;0,781121014;3750.0
quintino cunha;VENDO CASA: Rua ótima / Ômega / 05 quartos / Pode financiar / Quintino Cunha - Fortaleza;630000;240;Muito baixo (0,0000-0,2500);0,222536802;427,43;46,404062241;20,007038536;29,167190367;3,697745155;0,701-0,800 (Médio);0,737688349;0,769851144;2625.0
cambeba;Casa com 4 dormitórios à venda, 150 m² por R$ 690.000 - Cambeba - Fortaleza/CE;690000;150;Alto (0,5001-0,7000);0,517592175;1628,07;39,531777539;17,857010351;25,652060995;16,328423552;0,801-0,900 (Alto);0,679578618;0,813346747;4600.0
lagoa redonda;Casa à venda, Lagoa Redonda, Fortaleza, CE;270000;150;Baixo (0,2501-0,3500);0,252678506;544,16;46,732432432;19,432432432;26,132432432;7,324324324;0,701-0,800 (Médio);0,812300179;0,791664593;1800.0
parque dois irmaos;Casa com 2 dormitórios à venda, 200 m² por R$ 280.000,00 - Parque Dois Irmãos - Fortaleza/;280000;200;Baixo (0,2501-0,3500);0,251057366;557,84;43,389690722;17,363573883;32,401374570;6,496219931;0,801-0,900 (Alto);0,710086364;0,785807154;1400.0
itaperi;Casa com 3 dormitórios à venda, 140 m² por R$ 350.000,00 - Itaperi - Fortaleza/CE;350000;140;Médio (0,3501-0,5000);0,368393967;798,25;40,134991280;17,956558175;32,352608095;8,393920862;0,801-0,900 (Alto);0,813293696;0,842930831;2500.0
edson queiroz;Casa com 3 dormitórios à venda, 110 m² por R$ 440.000,00 - Edson Queiroz - Fortaleza/CE;440000;110;Médio (0,3501-0,5000);0,350300888;919,55;36,129502261;18,401148465;33,241199032;12,076021512;0,801-0,900 (Alto);0,764487418;0,724787651;4000.0
manoel satiro;Casa ampla com 5 quartos à venda, 400 m² por R$ 1.250.000 - Manuel Sátiro - Fortaleza/CE;1250000;400;Baixo (0,2501-0,3500);0,292158652;527,94;36,505561856;19,918924788;36,715488744;6,044446589;0,701-0,800 (Médio);0,851594864;0,874788715;3125.0
itaoca;Casa com 3 dormitórios à venda, 100 m² por R$ 190.000,00 - Itaoca - Fortaleza/CE;190000;100;Médio (0,3501-0,5000);0,373493056;605,65;34,077998528;20,844738779;31,805739514;11,958793230;0,801-0,900 (Alto);0,850397873;0,898943581;1900.0
sao bento;Casa Padrão para Venda em São Bento Fortaleza-CE;210000;200;Muito baixo (0,0000-0,2500);0,198287378;434,74;49,469459426;21,989213596;25,691709520;2,842092061;0,701-0,800 (Médio);0,585923687;0,789779326;1050.0
edson queiroz;Casa à venda, 200 m² por R$ 1.150.000,00 - Edson Queiroz - Fortaleza/CE;1150000;200;Médio (0,3501-0,5000);0,350300888;919,55;36,129502261;18,401148465;33,241199032;12,076021512;0,801-0,900 (Alto);0,764487418;0,724787651;5750.0
jose de alencar;Casa com 3 dormitórios à venda, 125 m² por R$ 499.000,00 - José de Alencar - Fortaleza/CE;499000;125;Médio (0,3501-0,5000);0,376978555;1290,87;39,531777539;17,857010351;25,652060995;16,328423552;0,801-0,900 (Alto);0,679578618;0,813346747;3992.0
jardim cearense;Casa com 3 dormitórios à venda, 120 m² por R$ 510.000,00 - Maporanga - Fortaleza/CE;510000;120;Baixo (0,2501-0,3500);0,31815202;717,01;43,389690722;17,363573883;32,401374570;6,496219931;0,801-0,900 (Alto);0,710086364;0,785807154;4250.0
mondubim;Casa à venda, 125 m² por R$ 480.000,00 - Maraponga - Fortaleza/CE;480000;125;Muito baixo (0,0000-0,2500);0,232790791;500,06;42,399046155;20,863794672;31,702801920;4,576260550;0,701-0,800 (Médio);0,800166323;0,824973502;3840.0
edson queiroz;Casa com 3 dormitórios à venda, 125 m² por R$ 619.000,00 - Edson Queiroz - Fortaleza/CE;619000;125;Médio (0,3501-0,5000);0,350300888;919,55;36,129502261;18,401148465;33,241199032;12,076021512;0,801-0,900 (Alto);0,764487418;0,724787651;4952.0
conjunto esperanca;Casa com 2 dormitórios à venda, 80 m² por R$ 280.000,00 - Novo Mondubim - Fortaleza/CE;280000;80;Baixo (0,2501-0,3500);0,287965762;514,66;40,716622931;22,895001134;31,373311303;3,038844073;0,501-0,700 (Baixo);0,763056734;0,855758255;3500.0
fatima;Casa com 4 dormitórios à venda, 200 m² por R$ 970.000,00 - Fátima - Fortaleza/CE;970000;200;Alto (0,5001-0,7000);0,694795867;1756,11;14,820940358;13,187295372;38,876700307;32,733655112;0,901-1,000 (Muito alto);0,968426708;0,956876508;4850.0
antonio bezerra;Casa a Venda, Antônio Bezerra, Fortaleza, CE;450000;100;Baixo (0,2501-0,3500);0,348309204;556,87;39,125285008;16,641497143;36,244114773;7,464984750;0,801-0,900 (Alto);0,895516195;0,840697664;4500.0
vila uniao;Casa com 5 dormitórios à venda, 319 m² por R$ 800.000 - Vila União - Fortaleza/CE;800000;320;Médio (0,3501-0,5000);0,467078586;908,56;43,512170577;18,812503931;28,662180011;8,236367067;0,801-0,900 (Alto);0,861434761;0,818736264;2500.0
conjunto esperanca;Casa à venda, 100 m² por R$ 300.000,00 - Conjunto Esperança - Fortaleza/CE;350000;100;Baixo (0,2501-0,3500);0,287965762;514,66;40,716622931;22,895001134;31,373311303;3,038844073;0,501-0,700 (Baixo);0,763056734;0,855758255;3500.0
jardim cearense;Casa à venda, 240 m² por R$ 330.000,00 - Maraponga - Fortaleza/CE;330000;240;Baixo (0,2501-0,3500);0,31815202;717,01;43,389690722;17,363573883;32,401374570;6,496219931;0,801-0,900 (Alto);0,710086364;0,785807154;1375.0
joao xxiii;Casa com 3 dormitórios à venda, 120 m² por R$ 390.000,00 - Henrique Jorge - Fortaleza/CE;390000;120;Baixo (0,2501-0,3500);0,283709367;449,97;39,446985766;21,568577343;33,881066162;4,794152973;0,801-0,900 (Alto);0,83456882;0,853452247;3250.0
vila uniao;Casa à venda, 320 m² por R$ 800.000,00 - Vila União - Fortaleza/CE;800000;320;Médio (0,3501-0,5000);0,467078586;908,56;43,512170577;18,812503931;28,662180011;8,236367067;0,801-0,900 (Alto);0,861434761;0,818736264;2500.0
cajazeiras;casa duplex para venda possui 200 metros quadrados com 6 quartos em Cajazeiras - Fortaleza;250000;200;Baixo (0,2501-0,3500);0,304549738;768,93;40,856694632;18,839096924;31,246163290;8,119045995;0,801-0,900 (Alto);0,762284782;0,785576003;1250.0
maraponga;Casa com 4 dormitórios à venda, 800 m² por R$ 2.600.000,00 - Maraponga - Fortaleza/CE;2600000;800;Médio (0,3501-0,5000);0,390382558;916,44;36,505561856;19,918924788;36,715488744;6,044446589;0,701-0,800 (Médio);0,851594864;0,874788715;3250.0
cajazeiras;Casa à venda no bairro Cajazeiras - Fortaleza/CE;1100000;250;Baixo (0,2501-0,3500);0,304549738;768,93;40,856694632;18,839096924;31,246163290;8,119045995;0,801-0,900 (Alto);0,762284782;0,785576003;4400.0
conjunto ceara ii;Casa à venda, 150 m² por R$ 375.000,00 - Conjunto Ceará - Fortaleza/CE;375000;150;Médio (0,3501-0,5000);0,361724536;589,31;48,279658171;17,768780087;29,775721163;3,692577527;0,501-0,700 (Baixo);0,810477991;0,813561102;2500.0
jardim cearense;Casa duplex com 3 Quartos à venda, 100 m² por R$ 250.000 - Maraponga - Fortaleza/CE;250000;100;Baixo (0,2501-0,3500);0,31815202;717,01;43,389690722;17,363573883;32,401374570;6,496219931;0,801-0,900 (Alto);0,710086364;0,785807154;2500.0
parque manibura;Casa a venda com 4 quartos no Parque Manibura - Fortaleza - CE;649000;250;Alto (0,5001-0,7000);0,578017912;1591,49;46,732432432;19,432432432;26,132432432;7,324324324;0,801-0,900 (Alto);0,852470943;0,920787325;2596.0
centro;casa duplex para venda com 145 metros quadrados com 2 quartos em Iracema - Fortaleza-CE;580000;145;Alto (0,5001-0,7000);0,556689243;1062,93;28,155522754;18,385100970;36,512672341;15,938569769;0,901-1,000 (Muito alto);0,874335556;0,871428206;4000.0
jose de alencar;Casa com 3 dormitórios à venda, 125 m² por R$ 499.000,00 - José de Alencar - Fortaleza/CE;499000;125;Médio (0,3501-0,5000);0,376978555;1290,87;39,531777539;17,857010351;25,652060995;16,328423552;0,801-0,900 (Alto);0,679578618;0,813346747;3992.0
maraponga;Casa com 4 dormitórios à venda, 200 m² por R$ 590.000,00 - Maraponga - Fortaleza/CE;590000;200;Médio (0,3501-0,5000);0,390382558;916,44;36,505561856;19,918924788;36,715488744;6,044446589;0,701-0,800 (Médio);0,851594864;0,874788715;2950.0
vila velha;Casa á Venda no Conjunto Nova Assunção- Fortaleza/CE;390000;200;Baixo (0,2501-0,3500);0,271651977;486,95;40,911753823;21,190490873;31,845091268;5,250986680;0,701-0,800 (Médio);0,811429133;0,813284402;1950.0
parreao;Casa à venda, 250 m² por R$ 780.000,00 - Montese - Fortaleza/CE;780000;250;Alto (0,5001-0,7000);0,571950202;1202,45;33,310618966;19,083853871;41,476433844;15,767556313;0,901-1,000 (Muito alto);0,891607704;0,894104667;3120.0
edson queiroz;Casa à venda, 336 m² por R$ 840.000,00 - Edson Queiroz - Fortaleza/CE;840000;336;Médio (0,3501-0,5000);0,350300888;919,55;36,129502261;18,401148465;33,241199032;12,076021512;0,801-0,900 (Alto);0,764487418;0,724787651;2500.0
praia de iracema;Casa com 2 Suítes à Venda, 145 m² por R$ 580.000 - Praia de Iracema - Fortaleza/CE;580000;145;Muito alto (0,800-1,0000);0,720062247;1903,17;28,155522754;18,385100970;36,512672341;15,938569769;0,901-1,000 (Muito alto);0,874335556;0,871428206;4000.0
mondubim;Casa com 4 dormitórios à venda, 120 m² por R$ 159.000,00 - Maraponga - Fortaleza/CE;159000;120;Muito baixo (0,0000-0,2500);0,232790791;500,06;42,399046155;20,863794672;31,702801920;4,576260550;0,701-0,800 (Médio);0,800166323;0,824973502;1325.0
